session_date,client_id,traffic_source,device_type,session_duration_seconds,scrolled_down,clicked_download_syllabus
01/05/2024,1787846414,Paid Ads,Mobile,8,0,0
01/06/2024,5537253173,Direct,Mobile,14,0,0
01/05/2024,5298312065,Organic Search,Desktop,15,0,0
01/03/2024,5325316860,Organic Search,Mobile,18,0,0
01/02/2024,5495394816,Paid Ads,Mobile,4,0,0
01/03/2024,2934879561,Paid Ads,Desktop,19,0,0
01/02/2024,6950318585,Paid Ads,Mobile,83,1,0
01/03/2024,1991681409,Direct,Desktop,1,0,0
01/05/2024,6974559825,Organic Search,Mobile,88,1,0
01/05/2024,6188069942,Organic Search,Mobile,82,1,0
01/01/2024,5429456861,Paid Ads,Mobile,9,0,0
01/06/2024,6992124618,Direct,Mobile,11,0,0
01/03/2024,8418576735,Direct,Desktop,20,0,0
01/04/2024,7612927342,Paid Ads,Mobile,15,0,1
01/01/2024,9440707288,Paid Ads,Mobile,86,1,0
01/03/2024,1067157848,Paid Ads,Mobile,3,0,0
01/03/2024,3602578298,Paid Ads,Mobile,7,0,0
01/01/2024,4929721884,Organic Search,Desktop,16,0,0
01/05/2024,2644658403,Organic Search,Mobile,71,1,0
01/03/2024,8941024386,Paid Ads,Desktop,14,0,0
01/05/2024,6308514807,Organic Search,Desktop,10,0,0
01/01/2024,4052273871,Paid Ads,Mobile,92,1,0
01/05/2024,1866377395,Paid Ads,Desktop,11,0,0
01/02/2024,3318599823,Paid Ads,Mobile,90,1,0
01/04/2024,7976547497,Organic Search,Mobile,20,0,0
01/07/2024,1453094389,Direct,Mobile,10,0,0
01/03/2024,9088627134,Paid Ads,Desktop,14,0,0
01/06/2024,2168799104,Organic Search,Desktop,32,0,0
01/04/2024,5297202296,Organic Search,Mobile,3,0,0
01/07/2024,3082328893,Paid Ads,Desktop,1,0,1
01/05/2024,6234552479,Organic Search,Mobile,81,1,0
01/03/2024,1278710077,Paid Ads,Mobile,21,0,0
01/05/2024,8285571367,Paid Ads,Mobile,96,1,1
01/02/2024,1636028517,Direct,Desktop,9,0,0
01/01/2024,2145815739,Direct,Desktop,12,0,0
01/03/2024,7060357852,Direct,Mobile,99,1,0
01/07/2024,2482069727,Paid Ads,Mobile,8,0,0
01/07/2024,7575313973,Paid Ads,Mobile,12,0,1
01/02/2024,1647326921,Organic Search,Mobile,27,0,0
01/02/2024,4686622978,Organic Search,Mobile,73,1,1
01/03/2024,8892904807,Paid Ads,Desktop,82,1,1
01/05/2024,1897955762,Organic Search,Mobile,21,0,0
01/06/2024,9513348207,Paid Ads,Mobile,21,0,0
01/07/2024,9573844352,Direct,Mobile,82,1,0
01/07/2024,2197743337,Paid Ads,Desktop,3,0,0
01/02/2024,9332809688,Organic Search,Desktop,5,0,0
01/04/2024,7380662466,Paid Ads,Mobile,1,0,0
01/02/2024,1755593187,Organic Search,Desktop,8,0,0
01/06/2024,3121257357,Organic Search,Mobile,80,1,1
01/05/2024,2323111039,Paid Ads,Mobile,98,1,0
01/05/2024,7828443294,Direct,Mobile,22,0,0
01/04/2024,3090541619,Direct,Mobile,19,0,0
01/07/2024,6798542613,Direct,Mobile,13,0,0
01/02/2024,1988638203,Direct,Desktop,14,0,0
01/05/2024,1187276800,Organic Search,Desktop,9,0,0
01/06/2024,2200702509,Direct,Desktop,16,0,0
01/03/2024,5093412388,Paid Ads,Mobile,21,0,0
01/01/2024,3457977438,Paid Ads,Mobile,88,1,0
01/01/2024,1819956639,Paid Ads,Desktop,2,0,0
01/01/2024,9289359171,Paid Ads,Mobile,17,0,0
01/07/2024,6386591871,Paid Ads,Mobile,22,0,0
01/02/2024,4645008999,Paid Ads,Mobile,87,1,0
01/04/2024,2273501353,Direct,Desktop,11,0,0
01/05/2024,1350444348,Paid Ads,Mobile,20,0,0
01/03/2024,3696785955,Paid Ads,Mobile,69,1,0
01/06/2024,1304688904,Organic Search,Desktop,37,0,0
01/03/2024,7178199328,Paid Ads,Mobile,14,0,0
01/06/2024,1665898681,Direct,Mobile,96,1,1
01/07/2024,8990377018,Paid Ads,Mobile,18,0,0
01/02/2024,6597482767,Direct,Mobile,9,0,0
01/01/2024,4555670279,Direct,Desktop,16,0,0
01/02/2024,2963938918,Paid Ads,Mobile,18,0,0
01/07/2024,5164129138,Paid Ads,Mobile,16,0,0
01/04/2024,2712922743,Direct,Desktop,6,0,0
01/04/2024,1347346749,Organic Search,Desktop,16,0,0
01/07/2024,1249939585,Organic Search,Desktop,26,0,1
01/06/2024,2899888367,Direct,Mobile,77,1,0
01/05/2024,5698150005,Paid Ads,Mobile,18,0,0
01/05/2024,8430462301,Paid Ads,Desktop,22,0,0
01/06/2024,1516103253,Paid Ads,Desktop,13,0,0
01/04/2024,5689241307,Direct,Mobile,20,0,0
01/04/2024,2337509982,Organic Search,Mobile,17,0,0
01/04/2024,8573592537,Paid Ads,Mobile,7,0,0
01/02/2024,8085724005,Paid Ads,Desktop,17,0,0
01/04/2024,9371517173,Paid Ads,Mobile,7,0,0
01/03/2024,6415496884,Paid Ads,Mobile,9,0,0
01/01/2024,9304045715,Organic Search,Mobile,90,1,0
01/04/2024,3316608503,Organic Search,Desktop,92,1,0
01/06/2024,4724591068,Direct,Desktop,16,0,0
01/01/2024,4484095420,Organic Search,Mobile,103,1,0
01/02/2024,3798105768,Paid Ads,Desktop,17,0,0
01/06/2024,1921653260,Organic Search,Desktop,5,0,0
01/01/2024,3816307290,Direct,Mobile,76,1,1
01/06/2024,6757938686,Organic Search,Mobile,23,0,0
01/02/2024,3130464646,Direct,Mobile,19,0,0
01/03/2024,5022873162,Organic Search,Desktop,9,0,0
01/02/2024,5155726844,Organic Search,Mobile,59,1,0
01/02/2024,7113761124,Organic Search,Desktop,2,0,0
01/06/2024,4142403171,Paid Ads,Desktop,13,0,0
01/07/2024,7708166367,Paid Ads,Mobile,11,0,0
01/05/2024,3919911094,Paid Ads,Desktop,15,0,0
01/04/2024,2023216482,Organic Search,Mobile,12,0,0
01/04/2024,3294919025,Paid Ads,Mobile,91,1,0
01/03/2024,6573300620,Organic Search,Desktop,1,0,0
01/03/2024,4638452115,Direct,Desktop,11,0,0
01/04/2024,9947638415,Paid Ads,Mobile,12,0,0
01/05/2024,3378136499,Organic Search,Desktop,20,0,0
01/04/2024,4998310069,Direct,Desktop,9,0,0
01/07/2024,9829899385,Paid Ads,Mobile,108,1,0
01/05/2024,9455295727,Paid Ads,Desktop,28,0,0
01/03/2024,4601247461,Paid Ads,Mobile,1,0,0
01/01/2024,6998572937,Paid Ads,Mobile,102,1,0
01/06/2024,5924630209,Direct,Mobile,25,0,0
01/07/2024,2001706917,Direct,Desktop,92,1,0
01/07/2024,3542142765,Organic Search,Desktop,85,1,0
01/03/2024,2623444332,Direct,Mobile,13,0,0
01/03/2024,6713391122,Direct,Mobile,98,1,1
01/02/2024,8477425811,Paid Ads,Desktop,21,0,0
01/07/2024,4196364710,Direct,Mobile,80,1,0
01/02/2024,2020082524,Organic Search,Desktop,15,0,0
01/02/2024,1356015513,Direct,Desktop,24,0,0
01/06/2024,8740000313,Direct,Mobile,11,0,0
01/02/2024,1186404944,Paid Ads,Desktop,6,0,0
01/05/2024,2086584484,Paid Ads,Mobile,26,0,0
01/04/2024,1931188017,Paid Ads,Desktop,94,1,0
01/01/2024,3993270326,Organic Search,Desktop,95,1,0
01/03/2024,4930987467,Direct,Desktop,14,0,0
01/05/2024,6280210236,Direct,Mobile,16,0,0
01/01/2024,2116476132,Paid Ads,Desktop,24,0,0
01/07/2024,2201575112,Organic Search,Mobile,6,0,1
01/07/2024,1572025741,Organic Search,Mobile,100,1,0
01/07/2024,5039553414,Paid Ads,Mobile,19,0,0
01/05/2024,5650369034,Paid Ads,Mobile,117,1,0
01/05/2024,1707957764,Paid Ads,Mobile,10,0,0
01/03/2024,3063173777,Direct,Desktop,13,0,1
01/04/2024,4219414298,Paid Ads,Desktop,15,0,0
01/02/2024,1272781217,Organic Search,Mobile,2,0,1
01/07/2024,1058720661,Organic Search,Desktop,93,1,1
01/06/2024,3294999749,Paid Ads,Mobile,8,0,0
01/04/2024,3513198102,Direct,Desktop,25,0,0
01/06/2024,4251638986,Direct,Desktop,22,0,0
01/03/2024,2035451477,Paid Ads,Mobile,84,1,1
01/03/2024,6374904320,Organic Search,Desktop,14,0,0
01/03/2024,9066896320,Paid Ads,Mobile,16,0,1
01/01/2024,7434570490,Paid Ads,Mobile,12,0,0
01/06/2024,8865680643,Paid Ads,Desktop,25,0,0
01/04/2024,1379710430,Organic Search,Mobile,13,0,0
01/04/2024,3533841296,Organic Search,Mobile,16,0,0
01/05/2024,8752607819,Paid Ads,Mobile,24,0,0
01/05/2024,7906684722,Paid Ads,Desktop,8,0,0
01/07/2024,7677882191,Direct,Mobile,27,0,0
01/05/2024,7231612896,Paid Ads,Mobile,89,1,0
01/03/2024,8597443857,Paid Ads,Desktop,72,1,0
01/04/2024,2492129217,Organic Search,Desktop,83,1,0
01/06/2024,2976196759,Direct,Mobile,2,0,0
01/03/2024,5179477152,Paid Ads,Mobile,28,0,0
01/01/2024,6256391730,Organic Search,Mobile,12,0,0
01/05/2024,1136600085,Direct,Mobile,13,0,0
01/03/2024,3295331460,Paid Ads,Mobile,1,0,0
01/03/2024,9135601198,Organic Search,Desktop,11,0,0
01/01/2024,6712733913,Paid Ads,Desktop,6,0,0
01/02/2024,1396385049,Organic Search,Desktop,10,0,0
01/04/2024,3954012886,Organic Search,Mobile,13,0,0
01/06/2024,1011145553,Organic Search,Desktop,22,0,0
01/07/2024,1362997767,Paid Ads,Mobile,16,0,0
01/02/2024,5235941556,Direct,Desktop,17,0,0
01/05/2024,8558950939,Paid Ads,Desktop,6,0,0
01/03/2024,5929501883,Paid Ads,Mobile,85,1,0
01/01/2024,9720811515,Paid Ads,Desktop,7,0,1
01/01/2024,6816015653,Organic Search,Mobile,84,1,0
01/04/2024,1782903324,Organic Search,Desktop,91,1,1
01/02/2024,4610821905,Paid Ads,Mobile,81,1,0
01/07/2024,7594216061,Organic Search,Mobile,29,0,0
01/04/2024,3059789458,Paid Ads,Desktop,9,0,0
01/03/2024,3424330987,Organic Search,Mobile,28,0,0
01/04/2024,9158923444,Paid Ads,Desktop,101,1,0
01/06/2024,6344456122,Organic Search,Mobile,13,0,0
01/01/2024,5010175864,Paid Ads,Desktop,15,0,0
01/01/2024,6262764309,Direct,Desktop,23,0,0
01/05/2024,9967409086,Paid Ads,Mobile,25,0,0
01/05/2024,9828964504,Paid Ads,Mobile,90,1,1
01/07/2024,9668285471,Paid Ads,Mobile,14,0,0
01/03/2024,9482848885,Direct,Mobile,11,0,0
01/06/2024,4085750466,Direct,Mobile,89,1,0
01/02/2024,8348484931,Paid Ads,Desktop,86,1,0
01/04/2024,3275645580,Organic Search,Desktop,14,0,0
01/07/2024,3173699965,Direct,Desktop,17,0,0
01/03/2024,7246033400,Organic Search,Desktop,22,0,1
01/05/2024,3940212392,Organic Search,Desktop,15,0,0
01/04/2024,1596247870,Paid Ads,Desktop,91,1,1
01/05/2024,1501205769,Paid Ads,Mobile,98,1,0
01/04/2024,4653846597,Direct,Desktop,19,0,0
01/02/2024,9301905780,Direct,Desktop,28,0,0
01/03/2024,5501532219,Organic Search,Mobile,81,1,0
01/04/2024,8728953148,Paid Ads,Mobile,83,1,1
01/06/2024,1800603300,Paid Ads,Mobile,18,0,0
01/07/2024,9194222653,Organic Search,Mobile,17,0,0
01/01/2024,3933385618,Direct,Desktop,86,1,0
01/06/2024,7613309280,Direct,Mobile,2,0,0
01/06/2024,2681402863,Direct,Mobile,1,0,0
01/07/2024,6724400194,Organic Search,Desktop,18,0,0
01/01/2024,8526514104,Paid Ads,Mobile,14,0,1
01/06/2024,4343941019,Paid Ads,Mobile,76,1,0
01/04/2024,8361849154,Direct,Mobile,10,0,0
01/04/2024,1442020982,Organic Search,Desktop,81,1,0
01/04/2024,3318683783,Paid Ads,Desktop,85,1,0
01/01/2024,5347379098,Paid Ads,Mobile,16,0,0
01/06/2024,6766097768,Organic Search,Desktop,14,0,0
01/01/2024,7936158570,Paid Ads,Mobile,24,0,0
01/04/2024,5727876817,Paid Ads,Desktop,98,1,0
01/07/2024,8607446513,Organic Search,Desktop,15,0,0
01/06/2024,5627058738,Organic Search,Desktop,9,0,0
01/06/2024,9206334731,Organic Search,Mobile,22,0,0
01/05/2024,1710905178,Paid Ads,Desktop,13,0,0
01/05/2024,8891962838,Organic Search,Desktop,19,0,0
01/02/2024,2629105582,Paid Ads,Mobile,11,0,0
01/03/2024,1882958537,Paid Ads,Desktop,9,0,0
01/05/2024,1490774306,Organic Search,Mobile,92,1,0
01/01/2024,7295134087,Organic Search,Desktop,91,1,0
01/05/2024,9239700314,Direct,Mobile,98,1,1
01/02/2024,9731009979,Organic Search,Desktop,15,0,0
01/06/2024,4352203549,Organic Search,Mobile,15,0,0
01/02/2024,3212654128,Paid Ads,Mobile,18,0,0
01/06/2024,8991353685,Paid Ads,Mobile,12,0,0
01/07/2024,2286754630,Paid Ads,Mobile,88,1,0
01/07/2024,2706468317,Paid Ads,Mobile,1,0,0
01/06/2024,2622320605,Direct,Mobile,11,0,0
01/03/2024,6557879553,Paid Ads,Mobile,93,1,0
01/05/2024,7590437878,Direct,Mobile,88,1,0
01/01/2024,8582147506,Organic Search,Mobile,21,0,0
01/01/2024,1324284471,Direct,Desktop,12,0,0
01/04/2024,7556604578,Organic Search,Mobile,13,0,0
01/06/2024,2752280071,Organic Search,Desktop,92,1,1
01/01/2024,3555715912,Organic Search,Desktop,22,0,0
01/03/2024,3391101020,Paid Ads,Desktop,84,1,0
01/06/2024,7885680415,Organic Search,Mobile,9,0,0
01/03/2024,2745441677,Paid Ads,Desktop,2,0,0
01/01/2024,9206067585,Paid Ads,Mobile,13,0,1
01/01/2024,6854294723,Organic Search,Mobile,11,0,0
01/04/2024,2482588965,Paid Ads,Mobile,7,0,0
01/08/2024,6853000585,Direct,Desktop,13,0,0
01/13/2024,8644005740,Direct,Mobile,18,0,0
01/14/2024,7318178006,Direct,Mobile,14,0,1
01/13/2024,8480488456,Paid Ads,Desktop,17,0,0
01/13/2024,8065453846,Paid Ads,Desktop,29,0,0
01/11/2024,3968775266,Direct,Mobile,65,1,0
01/11/2024,4500632106,Organic Search,Mobile,12,0,1
01/08/2024,2740527268,Direct,Desktop,17,0,0
01/09/2024,8388213836,Direct,Mobile,10,0,0
01/09/2024,2132513306,Direct,Mobile,88,1,0
01/11/2024,8439676122,Paid Ads,Mobile,104,1,1
01/08/2024,4599642001,Paid Ads,Desktop,8,0,0
01/09/2024,7107598382,Direct,Desktop,10,0,0
01/08/2024,5588097564,Paid Ads,Desktop,99,1,0
01/08/2024,4098960059,Paid Ads,Desktop,11,0,0
01/08/2024,5874793365,Organic Search,Mobile,17,0,0
01/12/2024,2159259898,Direct,Mobile,33,0,1
01/13/2024,1664311787,Organic Search,Mobile,99,1,0
01/08/2024,7331801025,Organic Search,Mobile,102,1,0
01/12/2024,2509853479,Paid Ads,Mobile,9,0,0
01/11/2024,4027632189,Organic Search,Desktop,11,0,0
01/09/2024,9916066083,Direct,Desktop,14,0,0
01/13/2024,1010047596,Paid Ads,Desktop,18,0,0
01/14/2024,5737751563,Organic Search,Mobile,90,1,0
01/09/2024,8260900921,Direct,Desktop,17,0,0
01/13/2024,9410279503,Organic Search,Desktop,25,0,0
01/14/2024,8031856080,Organic Search,Mobile,91,1,0
01/09/2024,4879918033,Organic Search,Desktop,1,0,0
01/13/2024,5516569576,Paid Ads,Mobile,1,0,0
01/09/2024,9779623712,Paid Ads,Mobile,11,0,0
01/09/2024,3032421974,Direct,Mobile,83,1,0
01/14/2024,5812607822,Direct,Mobile,23,0,0
01/09/2024,1827206515,Direct,Mobile,2,0,1
01/09/2024,8494995167,Direct,Desktop,86,1,0
01/14/2024,7538806715,Organic Search,Desktop,96,1,0
01/11/2024,3792447502,Organic Search,Desktop,1,0,0
01/08/2024,3277471402,Direct,Desktop,19,0,0
01/10/2024,3841787349,Organic Search,Mobile,102,1,0
01/12/2024,7529072289,Organic Search,Desktop,16,0,0
01/10/2024,7088142274,Direct,Mobile,6,0,0
01/10/2024,5295987450,Direct,Mobile,7,0,1
01/13/2024,9890709883,Paid Ads,Mobile,7,0,0
01/08/2024,5675258352,Paid Ads,Mobile,15,0,0
01/13/2024,3060645099,Paid Ads,Mobile,9,0,0
01/08/2024,5688812957,Organic Search,Mobile,88,1,0
01/14/2024,4145083457,Paid Ads,Mobile,18,0,0
01/14/2024,6570584952,Organic Search,Desktop,1,0,0
01/08/2024,7825169188,Organic Search,Mobile,8,0,1
01/09/2024,4909876661,Paid Ads,Mobile,85,1,0
01/11/2024,1470159758,Organic Search,Mobile,90,1,1
01/09/2024,8722305316,Paid Ads,Desktop,5,0,0
01/11/2024,9514044711,Paid Ads,Mobile,12,0,0
01/13/2024,5248516833,Direct,Mobile,10,0,0
01/11/2024,4567582450,Paid Ads,Mobile,96,1,1
01/13/2024,5496596075,Paid Ads,Mobile,21,0,0
01/14/2024,5452729769,Organic Search,Mobile,75,1,0
01/10/2024,8734246916,Direct,Mobile,1,0,1
01/14/2024,3225911305,Paid Ads,Mobile,67,1,0
01/14/2024,2117693819,Organic Search,Mobile,15,0,0
01/10/2024,7404596562,Paid Ads,Mobile,19,0,0
01/11/2024,7970462989,Paid Ads,Desktop,29,0,0
01/11/2024,4843658308,Organic Search,Mobile,11,0,0
01/13/2024,7259623178,Organic Search,Mobile,84,1,0
01/09/2024,1190596290,Organic Search,Mobile,17,0,0
01/13/2024,2413264846,Organic Search,Desktop,1,0,0
01/09/2024,9611762213,Direct,Mobile,77,1,0
01/14/2024,7582477714,Organic Search,Mobile,1,0,0
01/10/2024,4841762076,Paid Ads,Desktop,21,0,0
01/14/2024,1264213617,Direct,Mobile,14,0,0
01/08/2024,7748763459,Paid Ads,Mobile,84,1,1
01/11/2024,4152119073,Organic Search,Mobile,24,0,0
01/09/2024,1675772986,Paid Ads,Desktop,4,0,0
01/13/2024,4994707637,Paid Ads,Mobile,19,0,0
01/10/2024,6107667644,Direct,Desktop,29,0,1
01/09/2024,9612032938,Direct,Desktop,18,0,0
01/13/2024,9197809703,Organic Search,Mobile,17,0,0
01/11/2024,8544693324,Organic Search,Mobile,15,0,0
01/14/2024,6696988826,Paid Ads,Mobile,88,1,0
01/11/2024,1497545576,Paid Ads,Mobile,85,1,0
01/12/2024,5374113735,Paid Ads,Mobile,2,0,0
01/08/2024,8532079140,Organic Search,Desktop,25,0,0
01/12/2024,9363580739,Organic Search,Desktop,10,0,0
01/10/2024,8338260881,Organic Search,Desktop,19,0,0
01/09/2024,1248766486,Paid Ads,Mobile,2,0,0
01/10/2024,9547622157,Direct,Desktop,5,0,0
01/14/2024,2647602124,Organic Search,Desktop,26,0,0
01/13/2024,6891980143,Organic Search,Desktop,12,0,0
01/11/2024,5977602018,Organic Search,Mobile,26,0,0
01/12/2024,5055753219,Organic Search,Desktop,14,0,0
01/12/2024,4668803048,Paid Ads,Mobile,1,0,0
01/14/2024,8614215855,Paid Ads,Mobile,22,0,0
01/12/2024,5859047371,Direct,Mobile,10,0,0
01/14/2024,4906378031,Paid Ads,Desktop,104,1,0
01/10/2024,2899658692,Paid Ads,Desktop,93,1,0
01/11/2024,1860535970,Paid Ads,Mobile,20,0,0
01/09/2024,6169857496,Paid Ads,Mobile,15,0,0
01/13/2024,1659956232,Direct,Mobile,2,0,0
01/09/2024,4916305944,Organic Search,Mobile,16,0,0
01/10/2024,1005290718,Organic Search,Mobile,93,1,0
01/13/2024,3608361342,Paid Ads,Mobile,96,1,0
01/12/2024,1690740156,Organic Search,Desktop,32,0,0
01/08/2024,3535164289,Organic Search,Mobile,18,0,0
01/10/2024,8217506270,Paid Ads,Mobile,14,0,0
01/10/2024,4251544793,Organic Search,Mobile,78,1,0
01/11/2024,9194018729,Paid Ads,Desktop,23,0,0
01/09/2024,1441489995,Organic Search,Desktop,16,0,0
01/10/2024,6198411868,Organic Search,Desktop,16,0,0
01/10/2024,7589520096,Paid Ads,Mobile,100,1,0
01/12/2024,1354371485,Paid Ads,Mobile,6,0,0
01/12/2024,6678353511,Organic Search,Mobile,89,1,0
01/13/2024,8272212602,Organic Search,Desktop,16,0,0
01/14/2024,5471849066,Direct,Desktop,23,0,1
01/14/2024,7849513481,Organic Search,Desktop,8,0,0
01/08/2024,9311628492,Paid Ads,Desktop,26,0,0
01/14/2024,8659742292,Paid Ads,Desktop,14,0,0
01/11/2024,8661502486,Organic Search,Mobile,96,1,0
01/08/2024,9764972158,Paid Ads,Desktop,79,1,0
01/13/2024,7178770958,Organic Search,Mobile,7,0,0
01/12/2024,3058487320,Direct,Mobile,22,0,0
01/14/2024,6708086419,Organic Search,Mobile,12,0,0
01/09/2024,5384565190,Paid Ads,Mobile,74,1,0
01/12/2024,6722247716,Organic Search,Mobile,21,0,0
01/11/2024,9940088220,Organic Search,Mobile,98,1,0
01/12/2024,2797013429,Organic Search,Mobile,12,0,0
01/11/2024,9421488340,Direct,Mobile,14,0,0
01/11/2024,3207595442,Paid Ads,Mobile,18,0,0
01/11/2024,7862170447,Direct,Mobile,17,0,0
01/13/2024,8108210983,Direct,Mobile,1,0,0
01/11/2024,6837509244,Paid Ads,Mobile,6,0,0
01/11/2024,7496632833,Paid Ads,Desktop,22,0,0
01/09/2024,2877611049,Paid Ads,Desktop,13,0,1
01/08/2024,3845936724,Paid Ads,Desktop,10,0,0
01/10/2024,8095815312,Paid Ads,Desktop,4,0,0
01/08/2024,8979990178,Organic Search,Mobile,93,1,0
01/11/2024,2018026903,Paid Ads,Desktop,6,0,0
01/09/2024,7222452317,Paid Ads,Mobile,1,0,1
01/12/2024,5920986984,Direct,Mobile,80,1,0
01/09/2024,2084598584,Paid Ads,Desktop,14,0,0
01/11/2024,2532152494,Direct,Mobile,81,1,1
01/09/2024,4357763888,Paid Ads,Desktop,10,0,0
01/14/2024,1146835348,Paid Ads,Desktop,7,0,0
01/09/2024,5823122888,Organic Search,Desktop,14,0,0
01/11/2024,6068106212,Organic Search,Desktop,17,0,0
01/13/2024,1443708576,Direct,Mobile,31,0,0
01/14/2024,8250797580,Organic Search,Mobile,2,0,0
01/09/2024,3061142258,Direct,Mobile,24,0,0
01/10/2024,6682802905,Paid Ads,Mobile,22,0,0
01/10/2024,3491563047,Paid Ads,Desktop,8,0,0
01/09/2024,1616509748,Direct,Desktop,16,0,0
01/13/2024,6103920468,Direct,Desktop,11,0,0
01/12/2024,5137543151,Direct,Mobile,16,0,0
01/11/2024,8136656577,Organic Search,Mobile,27,0,0
01/10/2024,5370197918,Paid Ads,Mobile,19,0,0
01/12/2024,4568590362,Direct,Mobile,19,0,0
01/09/2024,3579598336,Paid Ads,Desktop,11,0,0
01/12/2024,3478991721,Direct,Mobile,101,1,0
01/14/2024,7893224640,Direct,Mobile,3,0,0
01/08/2024,4721325729,Organic Search,Mobile,78,1,0
01/10/2024,1388615924,Direct,Desktop,13,0,0
01/09/2024,1468622282,Direct,Desktop,106,1,0
01/11/2024,9270710404,Paid Ads,Mobile,80,1,0
01/13/2024,9166346210,Direct,Mobile,24,0,0
01/14/2024,2362345239,Organic Search,Mobile,96,1,0
01/09/2024,2410386644,Direct,Mobile,2,0,0
01/11/2024,3561885600,Paid Ads,Desktop,6,0,0
01/13/2024,2908767011,Direct,Desktop,16,0,0
01/13/2024,8054810062,Paid Ads,Mobile,7,0,0
01/09/2024,7444363529,Paid Ads,Mobile,8,0,0
01/14/2024,9221583259,Direct,Desktop,11,0,0
01/12/2024,5762768025,Paid Ads,Mobile,4,0,0
01/12/2024,2056861135,Paid Ads,Desktop,7,0,0
01/13/2024,8367977323,Direct,Mobile,86,1,0
01/12/2024,9896081012,Direct,Mobile,20,0,0
01/08/2024,3058076301,Organic Search,Mobile,4,0,0
01/13/2024,6009356109,Organic Search,Mobile,2,0,0
01/13/2024,7012547074,Organic Search,Desktop,9,0,0
01/11/2024,3244039006,Paid Ads,Mobile,20,0,0
01/12/2024,1792787103,Paid Ads,Mobile,13,0,0
01/14/2024,9236684215,Organic Search,Mobile,96,1,0
01/13/2024,5777310767,Direct,Mobile,11,0,0
01/14/2024,7507627797,Direct,Mobile,15,0,0
01/08/2024,4409103897,Direct,Mobile,1,0,1
01/11/2024,6045613528,Paid Ads,Desktop,18,0,1
01/09/2024,4890772650,Organic Search,Mobile,84,1,1
01/14/2024,2297339972,Paid Ads,Mobile,18,0,0
01/13/2024,8771872089,Organic Search,Desktop,11,0,0
01/08/2024,2820829111,Organic Search,Mobile,23,0,0
01/10/2024,7326022816,Direct,Desktop,5,0,0
01/08/2024,6398275017,Paid Ads,Mobile,24,0,0
01/08/2024,1251060665,Paid Ads,Desktop,16,0,0
01/11/2024,6474108735,Paid Ads,Desktop,12,0,0
01/09/2024,7209624700,Direct,Desktop,14,0,0
01/10/2024,6743346790,Organic Search,Desktop,14,0,0
01/12/2024,6432684579,Paid Ads,Mobile,24,0,0
01/12/2024,3650663910,Paid Ads,Desktop,6,0,1
01/14/2024,8170888635,Organic Search,Mobile,88,1,0
01/08/2024,2164569352,Paid Ads,Mobile,8,0,0
01/11/2024,8216111683,Direct,Mobile,23,0,0
01/11/2024,2962192954,Organic Search,Mobile,90,1,1
01/12/2024,6853801062,Paid Ads,Mobile,10,0,0
01/14/2024,7212036055,Paid Ads,Mobile,22,0,0
01/14/2024,3727132636,Direct,Mobile,28,0,0
01/14/2024,7110403229,Paid Ads,Desktop,11,0,0
01/10/2024,2292154255,Paid Ads,Desktop,20,0,0
01/09/2024,4166164947,Direct,Mobile,5,0,1
01/10/2024,1399127636,Direct,Mobile,21,0,0
01/13/2024,8678980551,Direct,Mobile,16,0,0
01/13/2024,5979172852,Direct,Mobile,79,1,0
01/09/2024,5800266019,Paid Ads,Mobile,18,0,0
01/12/2024,6762448109,Paid Ads,Mobile,9,0,0
01/09/2024,2487440641,Direct,Mobile,1,0,0
01/11/2024,7728389947,Organic Search,Desktop,19,0,0
01/13/2024,7447403020,Organic Search,Mobile,1,0,0
01/08/2024,7991992237,Direct,Mobile,12,0,0
01/08/2024,5901751874,Paid Ads,Mobile,22,0,0
01/12/2024,1098328227,Organic Search,Mobile,16,0,0
01/11/2024,6255383971,Paid Ads,Mobile,30,0,0
01/10/2024,3470307777,Organic Search,Desktop,23,0,0
01/11/2024,6642417441,Paid Ads,Mobile,9,0,0
01/08/2024,9152971600,Paid Ads,Mobile,15,0,0
01/08/2024,2363787187,Paid Ads,Desktop,14,0,0
01/13/2024,3861766284,Organic Search,Desktop,2,0,0
01/11/2024,7468682691,Organic Search,Desktop,7,0,0
01/11/2024,5022018591,Organic Search,Mobile,10,0,0
01/08/2024,6487905757,Direct,Desktop,1,0,0
01/10/2024,1075968555,Paid Ads,Mobile,15,0,1
01/12/2024,6204449625,Paid Ads,Mobile,13,0,1
01/14/2024,3660722590,Direct,Mobile,97,1,0
01/12/2024,9910467220,Paid Ads,Mobile,1,0,0
01/11/2024,6434797549,Direct,Mobile,84,1,1
01/12/2024,8104201471,Paid Ads,Mobile,18,0,0
01/08/2024,6054691782,Direct,Desktop,87,1,0
01/08/2024,9434552453,Paid Ads,Desktop,20,0,0
01/11/2024,5869649982,Direct,Desktop,16,0,0
01/11/2024,8219731927,Organic Search,Mobile,12,0,0
01/14/2024,2389423628,Direct,Desktop,19,0,0
01/14/2024,7997785068,Paid Ads,Mobile,80,1,0
01/13/2024,5572493796,Organic Search,Desktop,64,1,1
01/11/2024,5841286141,Direct,Mobile,20,0,0
01/10/2024,6980285482,Organic Search,Desktop,17,0,0
01/12/2024,1571853424,Organic Search,Mobile,88,1,0
01/11/2024,3829061240,Organic Search,Desktop,8,0,0
01/09/2024,4474128001,Organic Search,Desktop,17,0,0
01/13/2024,9290656498,Organic Search,Mobile,114,1,0
01/09/2024,4543915804,Organic Search,Mobile,24,0,0
01/08/2024,2903843414,Direct,Desktop,10,0,0
01/14/2024,1163302599,Paid Ads,Mobile,31,0,0
01/12/2024,4445124530,Paid Ads,Desktop,10,0,0
01/11/2024,2664708840,Direct,Mobile,97,1,0
01/09/2024,9553807075,Direct,Mobile,15,0,0
01/12/2024,8862085622,Organic Search,Mobile,9,0,0
01/08/2024,5191848777,Organic Search,Mobile,89,1,0
01/14/2024,5339753922,Paid Ads,Desktop,16,0,0
01/10/2024,6414722372,Paid Ads,Mobile,1,0,0
01/13/2024,5122423513,Organic Search,Mobile,87,1,0
01/12/2024,9142461695,Paid Ads,Mobile,90,1,0
01/12/2024,1537874084,Organic Search,Mobile,10,0,0
01/10/2024,4952646304,Paid Ads,Desktop,6,0,0
01/12/2024,9998006728,Direct,Desktop,16,0,0
01/08/2024,1703016562,Direct,Mobile,22,0,0
01/15/2024,9282060755,Organic Search,Desktop,20,0,0
01/17/2024,5349577328,Organic Search,Desktop,1,0,0
01/20/2024,3336533423,Paid Ads,Mobile,31,0,0
01/18/2024,1949459966,Direct,Desktop,95,1,0
01/16/2024,8529882262,Organic Search,Mobile,17,0,0
01/18/2024,4126509325,Paid Ads,Mobile,8,0,0
01/19/2024,3943332565,Direct,Desktop,16,0,0
01/16/2024,2775610133,Direct,Mobile,16,0,0
01/17/2024,1402682910,Direct,Desktop,9,0,0
01/17/2024,4185629035,Organic Search,Desktop,16,0,0
01/20/2024,2193580420,Organic Search,Mobile,10,0,0
01/16/2024,8483327892,Organic Search,Desktop,11,0,0
01/15/2024,3313680265,Direct,Mobile,9,0,0
01/16/2024,8902585146,Direct,Mobile,78,1,0
01/19/2024,1047380430,Paid Ads,Desktop,3,0,0
01/15/2024,8553457588,Paid Ads,Desktop,16,0,0
01/21/2024,1535642809,Paid Ads,Mobile,19,0,0
01/21/2024,3847743717,Direct,Mobile,101,1,1
01/21/2024,1124860618,Direct,Desktop,19,0,0
01/17/2024,2665045421,Paid Ads,Desktop,21,0,0
01/16/2024,7384888344,Organic Search,Desktop,97,1,0
01/21/2024,7881163155,Paid Ads,Mobile,97,1,0
01/18/2024,3733706559,Direct,Mobile,17,0,0
01/20/2024,8281754775,Direct,Mobile,10,0,1
01/18/2024,9512492858,Direct,Desktop,21,0,0
01/21/2024,6890212670,Organic Search,Mobile,4,0,0
01/20/2024,3738270406,Organic Search,Mobile,7,0,1
01/19/2024,8504251004,Paid Ads,Desktop,94,1,1
01/18/2024,3429018612,Paid Ads,Mobile,90,1,1
01/16/2024,6004900098,Direct,Desktop,7,0,0
01/16/2024,3516035422,Direct,Desktop,23,0,0
01/18/2024,3996472517,Direct,Desktop,96,1,0
01/21/2024,4361163826,Direct,Mobile,95,1,0
01/16/2024,8957406243,Organic Search,Mobile,86,1,0
01/19/2024,2983127359,Direct,Desktop,84,1,0
01/15/2024,2869085589,Direct,Desktop,22,0,1
01/21/2024,4032328548,Direct,Desktop,18,0,0
01/19/2024,9200768418,Paid Ads,Mobile,23,0,0
01/20/2024,1030190180,Organic Search,Desktop,7,0,0
01/19/2024,6262295726,Paid Ads,Desktop,17,0,0
01/21/2024,5450821462,Direct,Desktop,91,1,1
01/20/2024,8923310296,Organic Search,Desktop,105,1,0
01/21/2024,4663992036,Paid Ads,Desktop,13,0,0
01/16/2024,2485717012,Organic Search,Desktop,21,0,1
01/15/2024,9961125446,Organic Search,Mobile,14,0,0
01/21/2024,8850634905,Paid Ads,Mobile,11,0,0
01/21/2024,9502106133,Paid Ads,Mobile,77,1,1
01/16/2024,6116125093,Organic Search,Mobile,19,0,0
01/17/2024,1786045372,Organic Search,Mobile,22,0,0
01/16/2024,8387378293,Direct,Mobile,9,0,0
01/20/2024,5211287703,Organic Search,Mobile,14,0,0
01/16/2024,7030039068,Direct,Mobile,6,0,0
01/16/2024,4400325543,Organic Search,Desktop,75,1,0
01/15/2024,3632386146,Organic Search,Desktop,1,0,0
01/16/2024,8932455521,Direct,Mobile,91,1,0
01/21/2024,1605416965,Organic Search,Desktop,16,0,0
01/15/2024,5713995082,Paid Ads,Mobile,19,0,0
01/18/2024,4218149031,Paid Ads,Mobile,17,0,0
01/17/2024,9495710819,Direct,Mobile,90,1,0
01/15/2024,5372043406,Organic Search,Mobile,91,1,0
01/20/2024,5989119091,Organic Search,Desktop,1,0,0
01/18/2024,8519325980,Paid Ads,Desktop,12,0,0
01/15/2024,1404379384,Paid Ads,Mobile,92,1,0
01/15/2024,2678165546,Paid Ads,Mobile,87,1,0
01/17/2024,2706740091,Paid Ads,Mobile,1,0,0
01/21/2024,5698849287,Organic Search,Mobile,25,0,0
01/20/2024,7217407292,Paid Ads,Mobile,6,0,0
01/19/2024,3568874203,Organic Search,Mobile,104,1,0
01/19/2024,4146644384,Direct,Desktop,25,0,0
01/15/2024,8975212819,Paid Ads,Desktop,22,0,0
01/16/2024,4114648221,Organic Search,Mobile,7,0,0
01/20/2024,9503100921,Direct,Desktop,5,0,0
01/18/2024,1126118083,Paid Ads,Mobile,17,0,0
01/16/2024,6195849370,Organic Search,Mobile,73,1,0
01/16/2024,5180967650,Direct,Mobile,8,0,0
01/20/2024,2273413897,Direct,Desktop,81,1,0
01/21/2024,2092304600,Paid Ads,Desktop,88,1,0
01/15/2024,6344399343,Direct,Desktop,15,0,0
01/15/2024,8383381408,Organic Search,Mobile,11,0,0
01/15/2024,4176864051,Paid Ads,Desktop,1,0,0
01/15/2024,2870481687,Organic Search,Mobile,1,0,0
01/19/2024,4462584940,Direct,Desktop,16,0,0
01/15/2024,6647536610,Organic Search,Mobile,10,0,1
01/19/2024,9920982143,Paid Ads,Mobile,73,1,0
01/19/2024,6842778255,Organic Search,Mobile,10,0,0
01/21/2024,2753662389,Paid Ads,Desktop,20,0,0
01/15/2024,9175933412,Paid Ads,Mobile,24,0,0
01/17/2024,4860520143,Paid Ads,Desktop,12,0,0
01/18/2024,4754775174,Paid Ads,Mobile,12,0,0
01/16/2024,6268766862,Paid Ads,Desktop,88,1,0
01/19/2024,7352557562,Paid Ads,Desktop,19,0,0
01/20/2024,9444951142,Organic Search,Desktop,4,0,0
01/20/2024,4605457180,Paid Ads,Mobile,16,0,0
01/18/2024,5811425204,Paid Ads,Mobile,19,0,0
01/20/2024,5493066504,Direct,Mobile,106,1,1
01/17/2024,9908796725,Organic Search,Desktop,20,0,0
01/20/2024,2419091581,Organic Search,Mobile,90,1,0
01/16/2024,5247844471,Paid Ads,Mobile,1,0,0
01/16/2024,2225312688,Paid Ads,Mobile,92,1,0
01/19/2024,7757483988,Paid Ads,Mobile,8,0,0
01/15/2024,4167820788,Paid Ads,Desktop,7,0,0
01/21/2024,1140212104,Paid Ads,Mobile,15,0,0
01/17/2024,1107983879,Paid Ads,Desktop,18,0,0
01/19/2024,9943011239,Paid Ads,Mobile,26,0,0
01/17/2024,6002883891,Paid Ads,Mobile,11,0,0
01/15/2024,3747084979,Organic Search,Mobile,11,0,0
01/20/2024,5169409091,Paid Ads,Mobile,24,0,0
01/20/2024,6461346264,Paid Ads,Mobile,17,0,0
01/21/2024,2155169864,Organic Search,Desktop,25,0,0
01/15/2024,1012545745,Organic Search,Mobile,17,0,0
01/19/2024,9192135450,Paid Ads,Desktop,5,0,0
01/21/2024,3031396460,Direct,Mobile,4,0,0
01/15/2024,3037053267,Organic Search,Mobile,2,0,0
01/18/2024,8963453489,Paid Ads,Desktop,20,0,0
01/16/2024,8874036872,Direct,Mobile,24,0,0
01/21/2024,2883508468,Direct,Mobile,77,1,1
01/21/2024,6999196778,Paid Ads,Mobile,83,1,0
01/19/2024,6488204008,Paid Ads,Mobile,86,1,1
01/17/2024,2222185776,Direct,Desktop,29,0,0
01/18/2024,1127424038,Organic Search,Mobile,86,1,0
01/19/2024,9782579181,Paid Ads,Desktop,21,0,0
01/15/2024,6004512812,Paid Ads,Desktop,24,0,0
01/15/2024,2108845676,Paid Ads,Mobile,102,1,0
01/15/2024,8393328581,Organic Search,Desktop,10,0,0
01/15/2024,4563051439,Organic Search,Mobile,5,0,0
01/17/2024,6397460626,Paid Ads,Desktop,95,1,0
01/18/2024,8732465313,Organic Search,Mobile,78,1,0
01/20/2024,2736196428,Organic Search,Desktop,21,0,0
01/16/2024,3776481994,Paid Ads,Mobile,18,0,0
01/17/2024,7451700622,Paid Ads,Mobile,15,0,0
01/17/2024,5792056520,Organic Search,Desktop,18,0,1
01/20/2024,7571263581,Direct,Desktop,17,0,0
01/20/2024,3984497065,Organic Search,Mobile,92,1,0
01/16/2024,1362462518,Organic Search,Mobile,25,0,1
01/16/2024,9203965796,Paid Ads,Desktop,25,0,0
01/20/2024,1927933566,Organic Search,Desktop,19,0,0
01/15/2024,8953597547,Organic Search,Desktop,21,0,0
01/17/2024,9923286956,Paid Ads,Desktop,19,0,0
01/19/2024,7830224414,Paid Ads,Desktop,94,1,0
01/16/2024,6884329978,Paid Ads,Desktop,11,0,0
01/16/2024,3258347927,Paid Ads,Mobile,101,1,0
01/20/2024,5065806894,Paid Ads,Mobile,105,1,0
01/18/2024,7854719882,Paid Ads,Desktop,21,0,0
01/19/2024,8933403711,Paid Ads,Desktop,79,1,0
01/19/2024,8910141615,Paid Ads,Mobile,3,0,0
01/16/2024,5174816689,Direct,Mobile,23,0,0
01/15/2024,9270549355,Organic Search,Desktop,5,0,1
01/18/2024,6640177926,Organic Search,Mobile,17,0,0
01/19/2024,4588360313,Direct,Mobile,8,0,0
01/16/2024,6904736379,Organic Search,Mobile,19,0,0
01/19/2024,1378823452,Paid Ads,Mobile,81,1,0
01/21/2024,5169305823,Organic Search,Mobile,77,1,1
01/18/2024,3286028685,Organic Search,Mobile,14,0,0
01/18/2024,6355426613,Organic Search,Mobile,2,0,0
01/21/2024,3179465557,Organic Search,Desktop,18,0,0
01/17/2024,4154988130,Paid Ads,Mobile,10,0,0
01/21/2024,7276860690,Paid Ads,Desktop,22,0,0
01/20/2024,1635587079,Paid Ads,Desktop,15,0,0
01/20/2024,3573203297,Organic Search,Mobile,18,0,0
01/16/2024,4203444469,Organic Search,Desktop,7,0,0
01/18/2024,5442977274,Paid Ads,Mobile,10,0,0
01/17/2024,7405592292,Direct,Desktop,11,0,0
01/17/2024,3416828349,Organic Search,Mobile,21,0,0
01/19/2024,8411895761,Paid Ads,Desktop,28,0,0
01/19/2024,7199595611,Paid Ads,Desktop,8,0,0
01/21/2024,1255428423,Paid Ads,Mobile,23,0,0
01/17/2024,2281768161,Paid Ads,Mobile,1,0,0
01/21/2024,9722176837,Paid Ads,Desktop,5,0,0
01/21/2024,6243061948,Paid Ads,Desktop,7,0,0
01/19/2024,7559386506,Paid Ads,Mobile,4,0,1
01/18/2024,8062946069,Paid Ads,Desktop,2,0,0
01/21/2024,4407601373,Direct,Mobile,18,0,1
01/15/2024,9599888414,Paid Ads,Desktop,13,0,0
01/18/2024,2467944227,Organic Search,Mobile,18,0,0
01/17/2024,1296479630,Organic Search,Desktop,20,0,0
01/17/2024,4530148028,Direct,Mobile,17,0,0
01/21/2024,4105903394,Paid Ads,Mobile,87,1,0
01/18/2024,5400187359,Paid Ads,Mobile,20,0,0
01/19/2024,3996840416,Direct,Mobile,14,0,0
01/19/2024,1433539155,Direct,Mobile,5,0,0
01/20/2024,8344866777,Direct,Mobile,23,0,0
01/17/2024,5949217912,Paid Ads,Desktop,10,0,0
01/16/2024,9684539509,Paid Ads,Mobile,7,0,0
01/20/2024,4617353510,Organic Search,Mobile,13,0,0
01/19/2024,1941774493,Direct,Mobile,94,1,0
01/18/2024,1921820562,Organic Search,Mobile,7,0,0
01/19/2024,4262506265,Organic Search,Mobile,99,1,0
01/18/2024,4091480759,Paid Ads,Mobile,11,0,0
01/20/2024,8822990820,Direct,Mobile,17,0,0
01/17/2024,7714274845,Paid Ads,Mobile,17,0,1
01/19/2024,7019163148,Paid Ads,Mobile,7,0,0
01/21/2024,8833067256,Organic Search,Mobile,11,0,0
01/18/2024,8657998173,Organic Search,Mobile,23,0,0
01/17/2024,9142084305,Paid Ads,Mobile,89,1,1
01/16/2024,2461881222,Paid Ads,Desktop,18,0,0
01/18/2024,1355260223,Organic Search,Mobile,31,0,0
01/20/2024,1558044778,Paid Ads,Desktop,86,1,1
01/16/2024,2620549829,Organic Search,Mobile,24,0,0
01/16/2024,5476608983,Paid Ads,Desktop,24,0,0
01/15/2024,4995053884,Organic Search,Desktop,91,1,0
01/19/2024,4760292074,Organic Search,Mobile,3,0,0
01/18/2024,2195888151,Paid Ads,Desktop,21,0,0
01/16/2024,6450176200,Paid Ads,Mobile,14,0,0
01/15/2024,5745114512,Paid Ads,Mobile,10,0,0
01/20/2024,3044265827,Paid Ads,Desktop,16,0,0
01/17/2024,8605444834,Direct,Desktop,22,0,0
01/21/2024,7666087140,Paid Ads,Mobile,81,1,0
01/21/2024,4735604389,Direct,Mobile,19,0,0
01/18/2024,4238504278,Paid Ads,Mobile,110,1,0
01/16/2024,6990338441,Organic Search,Mobile,7,0,0
01/21/2024,3930000412,Direct,Desktop,20,0,0
01/19/2024,4536087089,Organic Search,Mobile,9,0,0
01/21/2024,7630595124,Organic Search,Mobile,16,0,0
01/21/2024,6333872140,Organic Search,Mobile,12,0,0
01/21/2024,8341743953,Paid Ads,Mobile,73,1,0
01/15/2024,4161956738,Direct,Mobile,91,1,0
01/16/2024,6440328564,Direct,Desktop,13,0,0
01/19/2024,8976310731,Direct,Desktop,21,0,0
01/16/2024,6874371305,Paid Ads,Desktop,6,0,0
01/18/2024,7165458310,Organic Search,Mobile,30,0,0
01/18/2024,4174094903,Direct,Desktop,1,0,0
01/18/2024,7745888779,Paid Ads,Desktop,10,0,0
01/20/2024,3603379670,Paid Ads,Desktop,110,1,0
01/21/2024,5949210171,Organic Search,Mobile,17,0,0
01/20/2024,7886085858,Organic Search,Mobile,90,1,0
01/15/2024,7795534852,Direct,Mobile,88,1,0
01/18/2024,2027179126,Paid Ads,Mobile,19,0,0
01/19/2024,8063465290,Direct,Mobile,86,1,0
01/16/2024,9143580601,Paid Ads,Mobile,14,0,0
01/21/2024,6648513530,Paid Ads,Mobile,14,0,0
01/17/2024,3264586696,Paid Ads,Desktop,18,0,0
01/19/2024,9850333854,Direct,Mobile,88,1,1
01/21/2024,8258909465,Organic Search,Mobile,103,1,0
01/20/2024,3135940692,Organic Search,Desktop,13,0,0
01/20/2024,7080136865,Paid Ads,Desktop,26,0,0
01/19/2024,5076229754,Direct,Desktop,21,0,0
01/20/2024,3666782086,Paid Ads,Desktop,21,0,0
01/18/2024,8562811838,Direct,Mobile,7,0,0
01/15/2024,6069383981,Organic Search,Desktop,14,0,0
01/16/2024,7703904771,Paid Ads,Mobile,12,0,0
01/15/2024,3067311111,Organic Search,Mobile,6,0,0
01/21/2024,3264447026,Paid Ads,Mobile,17,0,0
01/16/2024,7539258301,Organic Search,Mobile,10,0,0
01/16/2024,4948738834,Organic Search,Mobile,20,0,0
01/15/2024,5355913094,Paid Ads,Desktop,6,0,1
01/26/2024,5092660560,Direct,Desktop,28,0,0
01/23/2024,4668855145,Paid Ads,Mobile,7,0,0
01/22/2024,8968053341,Organic Search,Mobile,16,0,0
01/23/2024,4588049317,Direct,Desktop,67,1,0
01/24/2024,2619140572,Organic Search,Desktop,21,0,0
01/26/2024,9787746773,Paid Ads,Mobile,105,1,0
01/25/2024,2055734938,Direct,Desktop,10,0,0
01/23/2024,1001901741,Organic Search,Mobile,21,0,0
01/24/2024,1660596149,Paid Ads,Mobile,5,0,0
01/25/2024,3729209666,Paid Ads,Desktop,26,0,0
01/25/2024,9837766754,Direct,Mobile,15,0,0
01/28/2024,7966606865,Organic Search,Mobile,10,0,0
01/23/2024,9170043137,Organic Search,Desktop,12,0,0
01/22/2024,5184896916,Direct,Desktop,21,0,0
01/23/2024,1982235013,Direct,Mobile,75,1,0
01/24/2024,1636419350,Paid Ads,Mobile,10,0,0
01/25/2024,1965896104,Paid Ads,Mobile,87,1,0
01/23/2024,4088768256,Paid Ads,Desktop,9,0,0
01/22/2024,4277525454,Organic Search,Mobile,13,0,0
01/28/2024,2096544135,Paid Ads,Mobile,85,1,0
01/23/2024,9730850861,Organic Search,Desktop,5,0,0
01/26/2024,2975695233,Direct,Mobile,95,1,0
01/28/2024,4121364132,Direct,Mobile,74,1,0
01/22/2024,8837404163,Paid Ads,Mobile,29,0,0
01/24/2024,9784940212,Direct,Desktop,10,0,0
01/25/2024,7643028149,Paid Ads,Mobile,21,0,0
01/23/2024,3535882236,Direct,Mobile,16,0,0
01/22/2024,6850502469,Paid Ads,Desktop,7,0,1
01/28/2024,6156367016,Paid Ads,Mobile,14,0,0
01/26/2024,2878970580,Direct,Mobile,21,0,0
01/22/2024,8437701106,Paid Ads,Mobile,94,1,0
01/27/2024,9143433246,Paid Ads,Mobile,13,0,0
01/26/2024,2085826160,Organic Search,Mobile,110,1,0
01/28/2024,6742219760,Organic Search,Mobile,24,0,0
01/24/2024,3329895221,Organic Search,Mobile,76,1,0
01/25/2024,2635049744,Organic Search,Mobile,23,0,0
01/28/2024,2154687953,Organic Search,Desktop,22,0,0
01/24/2024,2553533712,Paid Ads,Desktop,91,1,1
01/23/2024,3405575525,Paid Ads,Desktop,11,0,0
01/22/2024,4042940094,Paid Ads,Desktop,83,1,0
01/27/2024,2927639934,Direct,Mobile,94,1,0
01/26/2024,6775030584,Organic Search,Desktop,6,0,0
01/26/2024,9812823208,Organic Search,Mobile,10,0,0
01/22/2024,1916517446,Organic Search,Desktop,16,0,0
01/27/2024,2339961169,Direct,Desktop,19,0,1
01/22/2024,7940288801,Paid Ads,Desktop,1,0,0
01/23/2024,1418820854,Organic Search,Desktop,90,1,0
01/24/2024,3322437287,Organic Search,Mobile,14,0,0
01/28/2024,5803888104,Organic Search,Mobile,16,0,0
01/26/2024,8768693848,Paid Ads,Mobile,83,1,0
01/23/2024,6358014963,Direct,Mobile,12,0,0
01/24/2024,6972934197,Direct,Mobile,25,0,0
01/23/2024,2849156100,Organic Search,Desktop,18,0,0
01/27/2024,7895590469,Organic Search,Desktop,25,0,0
01/26/2024,5655398961,Direct,Mobile,13,0,0
01/28/2024,6177159645,Organic Search,Desktop,94,1,0
01/22/2024,8445268871,Paid Ads,Desktop,22,0,1
01/22/2024,7876683740,Organic Search,Desktop,28,0,0
01/24/2024,9337701695,Organic Search,Desktop,25,0,0
01/28/2024,1049309064,Organic Search,Mobile,6,0,0
01/25/2024,5196630729,Organic Search,Desktop,12,0,0
01/27/2024,7647684666,Direct,Desktop,12,0,0
01/24/2024,7680801960,Direct,Mobile,18,0,0
01/25/2024,7795425235,Organic Search,Mobile,20,0,0
01/23/2024,7514563169,Paid Ads,Desktop,8,0,0
01/27/2024,8257544870,Direct,Mobile,15,0,0
01/23/2024,4975087599,Direct,Desktop,1,0,1
01/28/2024,8283394708,Paid Ads,Desktop,26,0,0
01/26/2024,8317732246,Direct,Mobile,10,0,0
01/27/2024,3886458719,Direct,Mobile,15,0,0
01/25/2024,1747675075,Organic Search,Desktop,12,0,0
01/26/2024,7223771609,Organic Search,Mobile,108,1,0
01/22/2024,9328186803,Paid Ads,Mobile,88,1,1
01/25/2024,6899372957,Paid Ads,Mobile,24,0,0
01/24/2024,2656197420,Paid Ads,Mobile,1,0,0
01/22/2024,1946970249,Direct,Desktop,14,0,0
01/22/2024,8470701471,Paid Ads,Mobile,14,0,0
01/24/2024,8485376283,Paid Ads,Desktop,11,0,0
01/27/2024,9952005972,Paid Ads,Mobile,28,0,0
01/22/2024,2882849179,Organic Search,Mobile,97,1,0
01/28/2024,3348814378,Direct,Desktop,77,1,1
01/25/2024,8305170865,Paid Ads,Desktop,7,0,0
01/26/2024,9804762735,Paid Ads,Mobile,80,1,0
01/22/2024,1067917165,Organic Search,Mobile,21,0,0
01/25/2024,2824379826,Organic Search,Mobile,17,0,0
01/23/2024,6893555806,Paid Ads,Mobile,25,0,0
01/25/2024,6941160574,Organic Search,Desktop,9,0,0
01/26/2024,7001994115,Paid Ads,Mobile,94,1,0
01/25/2024,2088160759,Paid Ads,Mobile,9,0,0
01/24/2024,7131047120,Organic Search,Mobile,23,0,0
01/26/2024,8729733226,Organic Search,Desktop,18,0,0
01/27/2024,4715977148,Direct,Desktop,2,0,0
01/23/2024,1150357841,Paid Ads,Mobile,10,0,0
01/24/2024,4752611386,Organic Search,Desktop,18,0,0
01/27/2024,4367200079,Organic Search,Mobile,21,0,0
01/25/2024,8666936319,Paid Ads,Mobile,9,0,0
01/26/2024,3016596843,Organic Search,Desktop,104,1,0
01/23/2024,5344327078,Paid Ads,Desktop,1,0,0
01/24/2024,4968665190,Direct,Desktop,19,0,0
01/27/2024,4378087921,Paid Ads,Mobile,5,0,0
01/27/2024,4207381233,Organic Search,Mobile,1,0,0
01/23/2024,1034206848,Paid Ads,Desktop,1,0,0
01/28/2024,9919082873,Direct,Mobile,93,1,0
01/25/2024,6899224241,Organic Search,Mobile,21,0,0
01/23/2024,2368415088,Organic Search,Mobile,16,0,0
01/27/2024,1333464582,Paid Ads,Desktop,13,0,0
01/22/2024,8707257093,Organic Search,Mobile,26,0,0
01/24/2024,2480824907,Paid Ads,Mobile,20,0,0
01/23/2024,6566032328,Direct,Desktop,27,0,0
01/28/2024,2765633622,Paid Ads,Mobile,3,0,0
01/27/2024,6947686259,Paid Ads,Mobile,14,0,0
01/25/2024,7579413477,Paid Ads,Mobile,2,0,0
01/27/2024,6569656414,Organic Search,Mobile,13,0,0
01/25/2024,2482751389,Organic Search,Mobile,86,1,0
01/23/2024,9081678835,Paid Ads,Mobile,89,1,0
01/25/2024,8020722158,Direct,Desktop,13,0,0
01/26/2024,6011930791,Organic Search,Mobile,20,0,0
01/26/2024,2781276809,Organic Search,Desktop,77,1,0
01/26/2024,7063912871,Organic Search,Mobile,15,0,0
01/28/2024,6701793122,Organic Search,Mobile,19,0,0
01/28/2024,5390064220,Organic Search,Mobile,96,1,0
01/22/2024,3129031412,Paid Ads,Mobile,20,0,0
01/28/2024,7495213584,Paid Ads,Desktop,32,0,1
01/23/2024,3915843523,Direct,Mobile,12,0,0
01/27/2024,4334996160,Direct,Mobile,7,0,0
01/27/2024,4682113706,Paid Ads,Desktop,16,0,1
01/22/2024,2752857986,Paid Ads,Desktop,8,0,0
01/28/2024,4140980533,Organic Search,Desktop,26,0,0
01/25/2024,4754534485,Organic Search,Mobile,12,0,0
01/22/2024,7487813533,Paid Ads,Desktop,10,0,0
01/25/2024,3080243471,Paid Ads,Mobile,11,0,0
01/25/2024,2759816622,Organic Search,Mobile,20,0,0
01/24/2024,7353373701,Organic Search,Mobile,13,0,0
01/27/2024,5216400944,Paid Ads,Mobile,98,1,1
01/26/2024,7499866957,Paid Ads,Mobile,85,1,0
01/28/2024,9773920489,Paid Ads,Mobile,9,0,0
01/25/2024,9890597379,Organic Search,Desktop,28,0,0
01/24/2024,6903348356,Paid Ads,Mobile,8,0,0
01/27/2024,8912727807,Paid Ads,Mobile,15,0,0
01/26/2024,1445296120,Direct,Mobile,20,0,0
01/25/2024,3495440804,Paid Ads,Desktop,1,0,0
01/25/2024,3237992303,Organic Search,Mobile,18,0,0
01/22/2024,8552708083,Paid Ads,Mobile,6,0,0
01/22/2024,1890098898,Paid Ads,Desktop,21,0,0
01/27/2024,2490193278,Paid Ads,Desktop,7,0,0
01/26/2024,2109093775,Organic Search,Mobile,20,0,0
01/25/2024,8551700542,Direct,Desktop,23,0,0
01/27/2024,7077255100,Direct,Desktop,21,0,0
01/27/2024,6953735184,Paid Ads,Desktop,17,0,0
01/23/2024,3511130330,Organic Search,Mobile,13,0,0
01/28/2024,7231036695,Paid Ads,Desktop,10,0,0
01/22/2024,7585264633,Paid Ads,Mobile,85,1,0
01/26/2024,6261514812,Direct,Mobile,26,0,0
01/25/2024,4547289568,Paid Ads,Mobile,92,1,0
01/27/2024,3811954075,Paid Ads,Mobile,9,0,0
01/25/2024,8673853911,Paid Ads,Mobile,6,0,0
01/23/2024,2992822437,Paid Ads,Desktop,20,0,0
01/26/2024,4815924319,Paid Ads,Mobile,85,1,0
01/27/2024,8661244080,Organic Search,Mobile,8,0,0
01/25/2024,2874407879,Organic Search,Mobile,7,0,0
01/22/2024,8507623176,Direct,Mobile,3,0,0
01/28/2024,5319528386,Direct,Desktop,11,0,0
01/23/2024,2366248205,Paid Ads,Mobile,89,1,0
01/26/2024,9648769438,Paid Ads,Mobile,14,0,0
01/23/2024,9657549910,Paid Ads,Mobile,16,0,0
01/22/2024,9231748504,Organic Search,Mobile,22,0,0
01/26/2024,9612896185,Paid Ads,Mobile,19,0,0
01/23/2024,6972554066,Organic Search,Desktop,13,0,0
01/24/2024,3741573149,Organic Search,Desktop,13,0,0
01/22/2024,6890487265,Organic Search,Mobile,19,0,0
01/22/2024,2980696745,Organic Search,Desktop,25,0,0
01/22/2024,6851597979,Paid Ads,Desktop,110,1,0
01/24/2024,3712888235,Direct,Desktop,16,0,0
01/24/2024,3767061562,Direct,Mobile,11,0,0
01/25/2024,7677332886,Paid Ads,Mobile,7,0,0
01/27/2024,5074826158,Direct,Mobile,3,0,0
01/28/2024,8240028692,Organic Search,Desktop,20,0,0
01/23/2024,9081477644,Direct,Desktop,19,0,0
01/25/2024,4581109169,Direct,Mobile,19,0,0
01/23/2024,8475668555,Organic Search,Mobile,87,1,1
01/28/2024,9227749585,Paid Ads,Desktop,13,0,0
01/27/2024,5192691130,Paid Ads,Desktop,26,0,0
01/24/2024,8263699409,Organic Search,Desktop,11,0,0
01/27/2024,3874658577,Organic Search,Desktop,22,0,0
01/24/2024,7082610247,Paid Ads,Mobile,86,1,0
01/28/2024,9342473432,Paid Ads,Mobile,14,0,0
01/27/2024,3275822676,Direct,Desktop,83,1,0
01/25/2024,8003291840,Direct,Mobile,10,0,0
01/26/2024,2519115683,Organic Search,Mobile,19,0,1
01/25/2024,1730640154,Paid Ads,Desktop,97,1,1
01/23/2024,8856844830,Paid Ads,Mobile,88,1,0
01/25/2024,8647429898,Paid Ads,Desktop,18,0,0
01/28/2024,9603424684,Direct,Mobile,83,1,1
01/22/2024,2897286720,Paid Ads,Desktop,17,0,0
01/23/2024,6505800372,Organic Search,Mobile,103,1,0
01/27/2024,2490621529,Paid Ads,Mobile,15,0,0
01/23/2024,4286338592,Organic Search,Desktop,14,0,0
01/26/2024,7317327181,Organic Search,Mobile,34,0,0
01/24/2024,3206972128,Direct,Desktop,24,0,1
01/27/2024,4822021484,Paid Ads,Desktop,20,0,0
01/23/2024,3191070597,Paid Ads,Mobile,15,0,0
01/27/2024,9029896973,Paid Ads,Mobile,23,0,0
01/27/2024,5860415167,Direct,Mobile,19,0,0
01/27/2024,8963989442,Direct,Mobile,15,0,0
01/24/2024,9174142160,Organic Search,Desktop,12,0,0
01/28/2024,3476538277,Organic Search,Desktop,14,0,0
01/25/2024,6380728351,Organic Search,Desktop,1,0,0
01/27/2024,9540635443,Paid Ads,Desktop,104,1,0
01/22/2024,2085106463,Direct,Mobile,16,0,0
01/28/2024,7536738388,Organic Search,Desktop,11,0,1
01/26/2024,3677816877,Paid Ads,Desktop,27,0,0
01/24/2024,1996671825,Organic Search,Desktop,15,0,0
01/23/2024,3380861312,Paid Ads,Desktop,5,0,0
01/24/2024,6313238344,Paid Ads,Mobile,14,0,0
01/23/2024,5057308439,Organic Search,Desktop,6,0,0
01/24/2024,8670006895,Paid Ads,Mobile,18,0,0
01/23/2024,4317932187,Organic Search,Mobile,17,0,0
01/27/2024,8560964854,Paid Ads,Mobile,22,0,0
01/25/2024,4024014621,Paid Ads,Desktop,8,0,0
01/23/2024,7338030929,Paid Ads,Desktop,83,1,0
01/23/2024,4276601949,Paid Ads,Desktop,71,1,0
01/22/2024,3011462836,Organic Search,Desktop,15,0,0
01/23/2024,4663529785,Paid Ads,Mobile,4,0,0
01/22/2024,4418825772,Organic Search,Desktop,20,0,0
01/26/2024,2443139359,Organic Search,Mobile,100,1,0
01/27/2024,9224715768,Organic Search,Mobile,19,0,0
01/22/2024,8282652427,Direct,Mobile,18,0,0
01/25/2024,5533445490,Organic Search,Desktop,15,0,0
01/28/2024,4678611156,Paid Ads,Desktop,83,1,0
01/27/2024,6866434902,Paid Ads,Mobile,97,1,1
01/22/2024,4218760173,Paid Ads,Mobile,18,0,0
01/27/2024,2214621616,Organic Search,Desktop,70,1,0
01/27/2024,9768172135,Paid Ads,Mobile,27,0,0
01/27/2024,6564793884,Organic Search,Desktop,12,0,0
01/26/2024,9215976113,Organic Search,Desktop,16,0,0
01/25/2024,2489863908,Paid Ads,Mobile,6,0,0
01/24/2024,6489522939,Direct,Mobile,8,0,0
01/24/2024,9554269487,Paid Ads,Desktop,15,0,0
01/22/2024,7222457580,Paid Ads,Desktop,23,0,0
01/27/2024,6108405827,Organic Search,Mobile,12,0,0
01/22/2024,5553079414,Organic Search,Desktop,13,0,0
01/26/2024,8076029332,Organic Search,Mobile,98,1,0
01/26/2024,1493049027,Organic Search,Mobile,77,1,0
01/23/2024,2071414828,Paid Ads,Desktop,97,1,0
01/26/2024,8972028374,Direct,Desktop,11,0,0
01/23/2024,4134088770,Direct,Mobile,90,1,0
01/25/2024,7888255636,Organic Search,Desktop,80,1,1
01/22/2024,4532587636,Paid Ads,Mobile,85,1,1
01/28/2024,7381537276,Organic Search,Mobile,96,1,0
01/25/2024,8224792829,Paid Ads,Mobile,91,1,0
01/26/2024,8010409496,Paid Ads,Desktop,10,0,0
01/25/2024,2675553657,Direct,Mobile,17,0,0
01/25/2024,1194343787,Paid Ads,Mobile,95,1,1
01/25/2024,5749603477,Direct,Mobile,3,0,0
01/26/2024,7702639242,Organic Search,Desktop,25,0,1
02/04/2024,1355339975,Paid Ads,Desktop,9,0,0
02/03/2024,1424073081,Organic Search,Desktop,20,0,0
02/01/2024,3512892773,Direct,Mobile,4,0,0
01/30/2024,4846993466,Organic Search,Desktop,20,0,0
02/02/2024,9003524363,Direct,Mobile,20,0,0
02/01/2024,2057610621,Organic Search,Desktop,18,0,0
02/04/2024,8703327325,Organic Search,Desktop,7,0,0
02/03/2024,2031095991,Direct,Mobile,16,0,1
02/02/2024,9150746537,Paid Ads,Desktop,5,0,0
01/31/2024,1328306710,Organic Search,Mobile,109,1,0
02/03/2024,4409900752,Paid Ads,Mobile,74,1,0
01/30/2024,3393630710,Direct,Mobile,106,1,0
02/01/2024,4584540837,Direct,Mobile,91,1,0
02/04/2024,9215810477,Paid Ads,Mobile,81,1,1
01/31/2024,6079539213,Organic Search,Desktop,12,0,0
02/04/2024,8567232508,Direct,Mobile,76,1,0
01/31/2024,1877233144,Paid Ads,Desktop,23,0,0
02/02/2024,8212105413,Organic Search,Mobile,88,1,0
01/31/2024,2807155606,Direct,Mobile,99,1,1
01/30/2024,9319819566,Paid Ads,Desktop,21,0,0
01/30/2024,8104563771,Organic Search,Mobile,15,0,0
01/29/2024,4986167033,Paid Ads,Mobile,88,1,1
01/30/2024,1961997703,Direct,Desktop,7,0,0
02/03/2024,3784151970,Direct,Mobile,20,0,0
01/31/2024,4862293830,Direct,Mobile,15,0,0
01/30/2024,3283466694,Organic Search,Mobile,1,0,0
02/02/2024,6489395621,Direct,Desktop,21,0,0
02/04/2024,5966200707,Direct,Desktop,14,0,0
02/04/2024,4049919682,Paid Ads,Desktop,105,1,0
01/29/2024,2344540134,Direct,Desktop,24,0,0
02/04/2024,6654697084,Paid Ads,Mobile,75,1,0
01/31/2024,9982383390,Organic Search,Mobile,6,0,0
01/29/2024,5479875953,Paid Ads,Desktop,1,0,0
01/31/2024,2710375334,Paid Ads,Mobile,17,0,0
02/02/2024,1034613598,Paid Ads,Mobile,89,1,0
01/29/2024,6313495037,Organic Search,Mobile,17,0,0
02/01/2024,6366574862,Paid Ads,Mobile,1,0,0
02/03/2024,3992282719,Organic Search,Desktop,7,0,0
02/03/2024,4681610144,Paid Ads,Mobile,77,1,0
01/31/2024,7187216163,Paid Ads,Mobile,93,1,0
02/04/2024,2851061777,Organic Search,Mobile,37,0,0
02/01/2024,1850813769,Direct,Desktop,12,0,0
01/29/2024,8629109528,Paid Ads,Mobile,20,0,0
02/01/2024,4423995466,Organic Search,Mobile,98,1,0
02/01/2024,3965269998,Direct,Desktop,9,0,0
02/04/2024,1225018905,Organic Search,Desktop,1,0,0
01/29/2024,5624852746,Paid Ads,Mobile,85,1,0
02/02/2024,2308257159,Paid Ads,Mobile,13,0,0
02/04/2024,6212793850,Direct,Mobile,12,0,0
02/01/2024,8979856354,Paid Ads,Mobile,11,0,0
02/01/2024,9361253520,Direct,Mobile,14,0,0
02/02/2024,3431874948,Organic Search,Mobile,17,0,0
02/01/2024,5560764378,Direct,Mobile,13,0,0
02/01/2024,5996492842,Direct,Mobile,63,1,0
02/01/2024,2363886544,Direct,Desktop,91,1,0
02/03/2024,1386187353,Paid Ads,Desktop,4,0,0
02/04/2024,6496467095,Direct,Desktop,18,0,0
01/30/2024,4739344051,Organic Search,Mobile,94,1,0
02/04/2024,7669063604,Organic Search,Mobile,1,0,0
02/02/2024,6783425855,Organic Search,Desktop,1,0,0
02/01/2024,4553469365,Direct,Mobile,20,0,0
02/04/2024,2058794923,Direct,Mobile,19,0,0
02/03/2024,2480980324,Direct,Mobile,14,0,0
02/02/2024,9053570675,Organic Search,Desktop,3,0,0
01/31/2024,3343257376,Organic Search,Desktop,9,0,0
02/04/2024,7593429066,Organic Search,Mobile,94,1,0
01/31/2024,5445030212,Paid Ads,Mobile,12,0,0
02/01/2024,5423907917,Paid Ads,Desktop,2,0,0
02/03/2024,7462289503,Paid Ads,Mobile,9,0,0
02/03/2024,3177902420,Paid Ads,Desktop,20,0,1
02/04/2024,4298558240,Paid Ads,Desktop,26,0,0
02/02/2024,7952573121,Paid Ads,Desktop,11,0,0
02/02/2024,5396038566,Paid Ads,Mobile,102,1,0
02/03/2024,1554800011,Paid Ads,Mobile,79,1,0
02/02/2024,6384102795,Direct,Mobile,21,0,0
02/03/2024,3800718383,Organic Search,Desktop,1,0,1
02/04/2024,7882555498,Paid Ads,Desktop,20,0,0
01/30/2024,1580164803,Organic Search,Mobile,96,1,0
02/03/2024,5054141110,Paid Ads,Mobile,8,0,0
01/31/2024,6918897748,Direct,Desktop,17,0,0
02/02/2024,1078967903,Direct,Desktop,13,0,0
02/03/2024,3839577591,Paid Ads,Desktop,25,0,0
02/03/2024,6373348142,Organic Search,Mobile,101,1,0
02/04/2024,5818985145,Direct,Mobile,8,0,0
02/02/2024,6082889376,Direct,Desktop,20,0,0
01/30/2024,7061807627,Organic Search,Desktop,72,1,0
02/04/2024,8911397039,Organic Search,Mobile,93,1,0
01/30/2024,7003866817,Paid Ads,Mobile,12,0,0
02/04/2024,1106017639,Direct,Mobile,13,0,0
02/02/2024,8901968229,Paid Ads,Mobile,13,0,0
01/29/2024,8731827362,Direct,Mobile,8,0,0
02/02/2024,2322361951,Organic Search,Desktop,14,0,0
02/02/2024,7791182630,Organic Search,Mobile,14,0,0
01/30/2024,7194917095,Organic Search,Desktop,84,1,0
01/30/2024,8235414411,Paid Ads,Mobile,89,1,0
02/02/2024,5842015036,Paid Ads,Desktop,16,0,0
02/02/2024,6661892356,Paid Ads,Desktop,15,0,0
02/02/2024,1058557684,Paid Ads,Mobile,21,0,0
01/30/2024,5690528445,Direct,Mobile,22,0,0
02/02/2024,8783589374,Paid Ads,Mobile,6,0,0
02/02/2024,8156565954,Paid Ads,Mobile,21,0,0
02/01/2024,2674606664,Direct,Desktop,5,0,0
01/29/2024,1376453174,Direct,Desktop,93,1,1
01/31/2024,7287034306,Direct,Mobile,85,1,0
01/29/2024,7341352884,Direct,Mobile,83,1,0
02/01/2024,4691766612,Paid Ads,Mobile,19,0,0
01/31/2024,3983515247,Paid Ads,Desktop,19,0,0
02/04/2024,4453564583,Direct,Mobile,1,0,0
02/02/2024,5692253658,Organic Search,Mobile,15,0,0
02/01/2024,3893526925,Paid Ads,Desktop,11,0,0
02/04/2024,4420978029,Direct,Desktop,8,0,0
02/02/2024,7543655770,Paid Ads,Mobile,25,0,0
01/30/2024,9876382647,Paid Ads,Desktop,90,1,0
02/03/2024,6564838954,Organic Search,Mobile,9,0,0
02/01/2024,7865913716,Organic Search,Mobile,8,0,0
01/30/2024,5956046556,Organic Search,Desktop,15,0,0
02/01/2024,9133101487,Paid Ads,Desktop,20,0,0
02/01/2024,4008331660,Direct,Mobile,79,1,0
01/30/2024,6743671947,Paid Ads,Mobile,79,1,0
01/31/2024,8440551733,Paid Ads,Mobile,96,1,0
01/29/2024,4578585469,Direct,Mobile,78,1,0
02/02/2024,5151289972,Direct,Mobile,96,1,0
02/01/2024,3903848967,Direct,Mobile,94,1,1
02/02/2024,7659225577,Direct,Mobile,72,1,0
02/03/2024,7299549213,Organic Search,Desktop,13,0,0
01/30/2024,5557409827,Organic Search,Desktop,24,0,0
02/02/2024,1456715203,Paid Ads,Desktop,19,0,0
01/30/2024,4748025005,Organic Search,Mobile,83,1,0
02/02/2024,7931988987,Paid Ads,Desktop,1,0,0
01/29/2024,8432408583,Paid Ads,Desktop,10,0,0
01/29/2024,6143821296,Organic Search,Desktop,10,0,0
01/29/2024,6422269880,Organic Search,Desktop,18,0,0
01/29/2024,9023726042,Paid Ads,Desktop,1,0,0
01/29/2024,3901771452,Paid Ads,Mobile,35,0,0
01/29/2024,3662744708,Organic Search,Mobile,101,1,0
01/30/2024,1180234311,Paid Ads,Desktop,19,0,0
02/01/2024,1423459004,Direct,Desktop,16,0,0
02/02/2024,7571172596,Organic Search,Desktop,24,0,0
01/29/2024,6034071195,Organic Search,Mobile,33,0,0
01/30/2024,7313238448,Organic Search,Mobile,21,0,0
01/30/2024,6840271140,Direct,Mobile,22,0,0
01/30/2024,1838365438,Paid Ads,Desktop,80,1,1
02/01/2024,9537319257,Organic Search,Mobile,85,1,1
02/02/2024,7886267948,Organic Search,Mobile,16,0,0
02/01/2024,2815293841,Paid Ads,Mobile,13,0,0
01/31/2024,4844276137,Direct,Mobile,11,0,0
02/04/2024,4375523340,Direct,Desktop,8,0,0
01/30/2024,4753264373,Organic Search,Desktop,9,0,0
01/31/2024,3434786027,Direct,Desktop,4,0,0
02/03/2024,1500187308,Direct,Mobile,14,0,0
01/29/2024,4889259705,Organic Search,Desktop,1,0,0
02/04/2024,7189694475,Direct,Mobile,94,1,0
01/29/2024,3162717793,Organic Search,Desktop,16,0,0
02/01/2024,6232018882,Organic Search,Mobile,97,1,0
02/04/2024,2912920566,Organic Search,Mobile,14,0,0
02/02/2024,6002040998,Direct,Desktop,16,0,0
01/31/2024,4520196246,Paid Ads,Desktop,10,0,0
02/02/2024,7627126522,Direct,Mobile,39,0,0
02/01/2024,6948970380,Direct,Desktop,87,1,0
01/29/2024,1110850498,Paid Ads,Mobile,25,0,0
02/04/2024,5271697090,Direct,Mobile,5,0,0
02/02/2024,4940817223,Paid Ads,Mobile,84,1,0
02/02/2024,4877340949,Paid Ads,Mobile,16,0,0
01/29/2024,2419020554,Organic Search,Mobile,104,1,1
02/04/2024,5024074545,Paid Ads,Mobile,10,0,0
01/31/2024,8545218541,Direct,Mobile,6,0,0
01/29/2024,1253857559,Direct,Desktop,4,0,1
02/02/2024,9280919229,Organic Search,Mobile,18,0,0
01/31/2024,6522900764,Paid Ads,Desktop,9,0,1
01/31/2024,1238009435,Paid Ads,Mobile,107,1,0
01/29/2024,9540714233,Organic Search,Desktop,22,0,0
02/02/2024,7401255852,Direct,Mobile,99,1,0
02/01/2024,1218935444,Organic Search,Mobile,22,0,0
02/02/2024,7819106762,Paid Ads,Mobile,90,1,0
01/30/2024,7991113326,Organic Search,Mobile,25,0,0
02/04/2024,3951911962,Organic Search,Mobile,81,1,0
02/03/2024,8431338540,Direct,Desktop,8,0,1
02/01/2024,9661556664,Paid Ads,Desktop,18,0,0
01/31/2024,8775901772,Direct,Desktop,20,0,0
02/01/2024,1778357886,Organic Search,Desktop,11,0,0
02/04/2024,9118081123,Direct,Mobile,8,0,0
01/31/2024,3656910974,Paid Ads,Mobile,27,0,0
02/04/2024,5342549319,Organic Search,Mobile,81,1,1
01/31/2024,2757007336,Direct,Mobile,16,0,0
02/01/2024,9326501964,Paid Ads,Mobile,95,1,1
01/31/2024,1853899878,Direct,Mobile,94,1,0
01/31/2024,5591979608,Organic Search,Mobile,20,0,0
01/30/2024,5481004976,Paid Ads,Mobile,8,0,0
02/02/2024,4198619892,Paid Ads,Desktop,104,1,1
02/02/2024,7499037479,Organic Search,Desktop,5,0,0
02/03/2024,4916836597,Paid Ads,Mobile,10,0,0
02/03/2024,3980782107,Organic Search,Desktop,14,0,0
01/30/2024,2370288186,Paid Ads,Desktop,6,0,0
02/03/2024,9194862410,Organic Search,Mobile,96,1,1
02/04/2024,5687135621,Paid Ads,Mobile,14,0,0
02/01/2024,5744547138,Direct,Mobile,1,0,0
01/29/2024,8363352511,Direct,Desktop,6,0,0
02/04/2024,1538483031,Direct,Desktop,20,0,0
01/29/2024,8052707840,Organic Search,Mobile,19,0,0
01/29/2024,2357543312,Paid Ads,Mobile,11,0,0
01/30/2024,2406262314,Direct,Mobile,6,0,0
02/04/2024,7167552344,Paid Ads,Mobile,6,0,0
01/30/2024,7827509781,Paid Ads,Mobile,12,0,1
01/31/2024,8613563914,Paid Ads,Desktop,20,0,0
01/29/2024,3597765598,Organic Search,Desktop,22,0,0
02/01/2024,2260722330,Direct,Desktop,11,0,1
02/03/2024,8800000092,Organic Search,Desktop,74,1,0
02/01/2024,8455710829,Organic Search,Desktop,5,0,0
02/03/2024,5540283647,Paid Ads,Mobile,17,0,0
01/29/2024,1003991818,Direct,Desktop,100,1,0
01/29/2024,1899605668,Organic Search,Mobile,8,0,0
01/29/2024,8217604342,Organic Search,Desktop,80,1,0
01/30/2024,6901058009,Paid Ads,Mobile,86,1,0
02/04/2024,6706113811,Direct,Desktop,92,1,0
02/03/2024,9440511128,Organic Search,Mobile,10,0,0
02/04/2024,8413591415,Paid Ads,Mobile,25,0,0
01/30/2024,5927302755,Paid Ads,Mobile,109,1,0
01/30/2024,6640436564,Organic Search,Mobile,121,1,0
02/02/2024,2390413291,Organic Search,Desktop,21,0,0
02/01/2024,8050483300,Paid Ads,Desktop,16,0,1
02/01/2024,4879421072,Direct,Mobile,4,0,0
01/31/2024,4742270471,Paid Ads,Mobile,16,0,0
01/30/2024,4916231173,Organic Search,Mobile,23,0,0
02/03/2024,1230950326,Direct,Mobile,96,1,1
02/02/2024,6341097343,Organic Search,Mobile,11,0,1
02/02/2024,5317041853,Organic Search,Desktop,25,0,0
02/04/2024,5656841391,Paid Ads,Mobile,88,1,0
02/01/2024,9347587387,Paid Ads,Mobile,95,1,1
01/30/2024,3567703197,Direct,Mobile,98,1,0
01/31/2024,6614147821,Organic Search,Mobile,25,0,0
01/30/2024,4524244602,Direct,Mobile,28,0,0
02/04/2024,7020655678,Paid Ads,Desktop,17,0,0
01/29/2024,5214400560,Paid Ads,Mobile,19,0,0
01/30/2024,4960784188,Paid Ads,Mobile,26,0,0
02/04/2024,6610520054,Organic Search,Mobile,18,0,0
02/05/2024,9894516303,Paid Ads,Mobile,10,0,0
02/05/2024,1568172386,Direct,Mobile,11,0,0
02/07/2024,1951409420,Organic Search,Desktop,16,0,0
02/10/2024,6392928846,Direct,Desktop,4,0,0
02/08/2024,6014201426,Paid Ads,Mobile,13,0,0
02/06/2024,1142884854,Direct,Mobile,23,0,0
02/05/2024,5566108174,Direct,Mobile,1,0,0
02/06/2024,2938175333,Direct,Mobile,27,0,0
02/10/2024,3009960787,Direct,Desktop,23,0,0
02/08/2024,4511665686,Direct,Desktop,86,1,0
02/10/2024,1589964202,Organic Search,Mobile,11,0,0
02/08/2024,5492806647,Paid Ads,Mobile,19,0,0
02/09/2024,3838108071,Paid Ads,Mobile,107,1,0
02/08/2024,6633157712,Direct,Desktop,15,0,0
02/07/2024,3451401892,Organic Search,Desktop,24,0,0
02/10/2024,1452712257,Direct,Mobile,22,0,0
02/05/2024,8826410146,Organic Search,Mobile,3,0,0
02/09/2024,9058185313,Paid Ads,Desktop,19,0,0
02/07/2024,1995750782,Paid Ads,Mobile,13,0,0
02/06/2024,5608515354,Organic Search,Mobile,15,0,0
02/10/2024,5758948158,Organic Search,Mobile,9,0,1
02/11/2024,1348597688,Paid Ads,Desktop,28,0,0
02/11/2024,4174373488,Organic Search,Mobile,92,1,0
02/05/2024,9063595473,Paid Ads,Mobile,23,0,0
02/08/2024,7592631650,Organic Search,Desktop,9,0,0
02/05/2024,7710583047,Paid Ads,Mobile,4,0,0
02/11/2024,4807499332,Direct,Mobile,11,0,0
02/06/2024,3296351194,Paid Ads,Mobile,94,1,0
02/09/2024,9668425414,Organic Search,Mobile,18,0,0
02/09/2024,5086218421,Paid Ads,Desktop,96,1,0
02/10/2024,9853753529,Paid Ads,Mobile,16,0,0
02/09/2024,9493281738,Paid Ads,Mobile,25,0,0
02/10/2024,3306574890,Organic Search,Mobile,21,0,0
02/10/2024,2351320870,Organic Search,Desktop,22,0,0
02/10/2024,4626304719,Paid Ads,Desktop,17,0,0
02/11/2024,8378464706,Organic Search,Mobile,3,0,0
02/11/2024,1509643461,Direct,Mobile,94,1,1
02/08/2024,1597009935,Direct,Desktop,98,1,0
02/07/2024,4592400484,Paid Ads,Mobile,13,0,0
02/10/2024,9651701520,Organic Search,Desktop,23,0,0
02/10/2024,9385995757,Paid Ads,Desktop,83,1,0
02/07/2024,6129365937,Paid Ads,Desktop,14,0,0
02/05/2024,4564055180,Direct,Mobile,84,1,0
02/10/2024,5802728686,Paid Ads,Mobile,19,0,0
02/08/2024,8701428435,Organic Search,Desktop,12,0,0
02/09/2024,1798698593,Organic Search,Mobile,78,1,0
02/09/2024,8450516576,Organic Search,Mobile,6,0,0
02/06/2024,4032058948,Organic Search,Desktop,14,0,0
02/06/2024,3182452048,Paid Ads,Desktop,94,1,0
02/09/2024,8593373219,Paid Ads,Mobile,17,0,0
02/09/2024,3281097897,Organic Search,Mobile,9,0,1
02/11/2024,3413186621,Paid Ads,Mobile,13,0,0
02/08/2024,8253385886,Paid Ads,Desktop,97,1,0
02/07/2024,2829645409,Paid Ads,Desktop,7,0,0
02/06/2024,7719026994,Paid Ads,Mobile,23,0,0
02/11/2024,1829615936,Paid Ads,Mobile,94,1,0
02/11/2024,7324405690,Paid Ads,Desktop,106,1,0
02/07/2024,5605394431,Organic Search,Mobile,12,0,0
02/11/2024,8410051608,Organic Search,Mobile,89,1,0
02/08/2024,9963902581,Direct,Desktop,26,0,0
02/09/2024,3342863191,Paid Ads,Mobile,27,0,0
02/10/2024,4646100281,Paid Ads,Desktop,96,1,0
02/07/2024,2054631932,Paid Ads,Mobile,14,0,0
02/09/2024,2472482115,Organic Search,Mobile,79,1,0
02/09/2024,3449890097,Organic Search,Desktop,6,0,0
02/05/2024,4765027729,Paid Ads,Mobile,86,1,1
02/07/2024,3574287405,Direct,Desktop,1,0,0
02/11/2024,4823537165,Paid Ads,Mobile,3,0,0
02/10/2024,9606414980,Organic Search,Mobile,4,0,0
02/07/2024,9824061547,Organic Search,Mobile,26,0,0
02/11/2024,4747899639,Direct,Mobile,15,0,0
02/09/2024,3969609370,Organic Search,Mobile,18,0,0
02/10/2024,8857149407,Direct,Mobile,96,1,0
02/11/2024,9234399713,Paid Ads,Mobile,1,0,0
02/08/2024,2285191659,Direct,Mobile,98,1,1
02/11/2024,2340853943,Paid Ads,Desktop,5,0,0
02/05/2024,7633986915,Direct,Desktop,22,0,1
02/09/2024,7210331776,Organic Search,Desktop,17,0,1
02/11/2024,5563432566,Direct,Mobile,13,0,0
02/06/2024,2993740774,Organic Search,Mobile,19,0,0
02/06/2024,7856631630,Organic Search,Desktop,28,0,0
02/05/2024,2634157267,Organic Search,Mobile,13,0,0
02/08/2024,8755002476,Organic Search,Mobile,15,0,0
02/09/2024,3655538766,Paid Ads,Desktop,16,0,0
02/07/2024,7489569941,Paid Ads,Desktop,34,0,0
02/05/2024,2537431639,Paid Ads,Mobile,1,0,0
02/08/2024,8969531392,Paid Ads,Mobile,87,1,0
02/07/2024,3214813934,Direct,Desktop,89,1,1
02/06/2024,5759489554,Paid Ads,Mobile,20,0,0
02/06/2024,6183998036,Direct,Desktop,14,0,0
02/07/2024,8472675396,Paid Ads,Desktop,19,0,0
02/05/2024,2230395333,Paid Ads,Desktop,9,0,0
02/06/2024,4212704583,Direct,Mobile,14,0,0
02/09/2024,6433482743,Organic Search,Mobile,20,0,0
02/10/2024,7580847137,Organic Search,Desktop,39,0,1
02/11/2024,5730390416,Organic Search,Desktop,21,0,0
02/07/2024,8780642526,Organic Search,Desktop,8,0,0
02/07/2024,8352030293,Paid Ads,Mobile,74,1,0
02/06/2024,1533037075,Direct,Mobile,11,0,0
02/05/2024,4097239882,Direct,Desktop,11,0,0
02/09/2024,9696298936,Organic Search,Desktop,1,0,0
02/05/2024,4126788836,Paid Ads,Desktop,86,1,0
02/08/2024,2655939946,Organic Search,Desktop,12,0,0
02/08/2024,8515993841,Paid Ads,Mobile,20,0,0
02/10/2024,1587745516,Paid Ads,Desktop,4,0,0
02/06/2024,4112546714,Paid Ads,Desktop,98,1,1
02/06/2024,8999332029,Organic Search,Mobile,23,0,0
02/06/2024,5508261765,Direct,Desktop,18,0,0
02/10/2024,5566007078,Organic Search,Mobile,9,0,0
02/08/2024,2208391737,Organic Search,Mobile,13,0,0
02/05/2024,2962017524,Organic Search,Desktop,27,0,0
02/10/2024,7297509913,Paid Ads,Mobile,20,0,0
02/10/2024,6939437910,Paid Ads,Mobile,95,1,0
02/05/2024,2077565698,Direct,Mobile,15,0,0
02/06/2024,2689045221,Paid Ads,Mobile,13,0,0
02/09/2024,6781871613,Direct,Mobile,15,0,0
02/05/2024,6799059197,Organic Search,Mobile,10,0,0
02/08/2024,7031171927,Organic Search,Desktop,95,1,0
02/07/2024,2245729630,Organic Search,Mobile,1,0,0
02/07/2024,1410773643,Organic Search,Mobile,31,0,0
02/11/2024,3350741615,Direct,Mobile,16,0,0
02/11/2024,5569328821,Direct,Desktop,18,0,0
02/10/2024,1946263299,Organic Search,Mobile,90,1,0
02/07/2024,8523798270,Paid Ads,Desktop,14,0,0
02/09/2024,8279619020,Organic Search,Desktop,90,1,1
02/06/2024,2692604295,Direct,Desktop,9,0,0
02/08/2024,3307859852,Paid Ads,Mobile,13,0,0
02/11/2024,8384055603,Organic Search,Desktop,2,0,0
02/09/2024,2358133614,Organic Search,Mobile,33,0,0
02/08/2024,7340756215,Organic Search,Desktop,5,0,0
02/08/2024,1897807236,Paid Ads,Desktop,6,0,0
02/06/2024,5275687062,Organic Search,Mobile,83,1,0
02/10/2024,2901937649,Direct,Mobile,11,0,0
02/07/2024,2365390185,Paid Ads,Mobile,25,0,0
02/06/2024,2296261376,Paid Ads,Desktop,15,0,0
02/09/2024,7962942236,Direct,Mobile,5,0,0
02/10/2024,6097831649,Paid Ads,Mobile,25,0,0
02/09/2024,7391416173,Direct,Mobile,20,0,0
02/10/2024,7135980453,Organic Search,Desktop,96,1,0
02/11/2024,5434343594,Paid Ads,Desktop,19,0,0
02/09/2024,6627726222,Direct,Desktop,20,0,0
02/06/2024,5496798543,Organic Search,Desktop,34,0,0
02/10/2024,4652887861,Organic Search,Mobile,94,1,1
02/10/2024,3547156941,Paid Ads,Mobile,32,0,0
02/08/2024,2041719730,Organic Search,Desktop,94,1,1
02/08/2024,2242293090,Paid Ads,Mobile,9,0,0
02/05/2024,5802797329,Paid Ads,Mobile,84,1,0
02/09/2024,9661490777,Direct,Mobile,27,0,0
02/08/2024,8712301975,Paid Ads,Mobile,18,0,0
02/05/2024,2212528698,Organic Search,Mobile,18,0,0
02/11/2024,9306372145,Paid Ads,Desktop,1,0,0
02/11/2024,8254719857,Direct,Mobile,13,0,0
02/08/2024,5281262833,Paid Ads,Mobile,8,0,0
02/09/2024,9720569812,Direct,Mobile,21,0,0
02/10/2024,2725275029,Organic Search,Desktop,23,0,0
02/07/2024,3795307411,Paid Ads,Mobile,1,0,0
02/09/2024,6049473230,Paid Ads,Desktop,14,0,0
02/06/2024,1865033516,Paid Ads,Desktop,23,0,0
02/11/2024,8819179713,Organic Search,Mobile,13,0,0
02/08/2024,7256610272,Paid Ads,Desktop,20,0,0
02/08/2024,1225407206,Direct,Desktop,17,0,0
02/10/2024,6389104650,Organic Search,Desktop,17,0,0
02/06/2024,4289379869,Paid Ads,Desktop,12,0,0
02/10/2024,1202114192,Organic Search,Mobile,68,1,0
02/06/2024,1810864190,Organic Search,Mobile,5,0,0
02/07/2024,7258023594,Paid Ads,Mobile,100,1,0
02/11/2024,7912775159,Paid Ads,Mobile,85,1,0
02/08/2024,4401584171,Paid Ads,Desktop,6,0,0
02/08/2024,6372460652,Organic Search,Mobile,20,0,1
02/07/2024,9198514488,Organic Search,Desktop,15,0,0
02/05/2024,7388361435,Organic Search,Desktop,13,0,0
02/11/2024,9835764304,Direct,Desktop,11,0,0
02/10/2024,9119382041,Direct,Desktop,12,0,0
02/07/2024,9384394296,Organic Search,Mobile,23,0,0
02/10/2024,3523838700,Direct,Mobile,12,0,0
02/09/2024,2922220584,Paid Ads,Mobile,4,0,0
02/08/2024,9909199315,Paid Ads,Mobile,20,0,0
02/10/2024,3028197047,Paid Ads,Mobile,13,0,0
02/06/2024,3685282813,Paid Ads,Mobile,81,1,0
02/10/2024,9342421818,Organic Search,Desktop,15,0,0
02/09/2024,1915438405,Direct,Mobile,27,0,0
02/11/2024,4790804518,Paid Ads,Mobile,96,1,0
02/08/2024,5849979288,Paid Ads,Desktop,14,0,0
02/07/2024,2166788804,Organic Search,Mobile,17,0,0
02/09/2024,5683917225,Direct,Mobile,86,1,1
02/08/2024,4658650398,Paid Ads,Desktop,5,0,0
02/10/2024,4847115393,Organic Search,Desktop,13,0,0
02/11/2024,9729044891,Paid Ads,Desktop,100,1,0
02/05/2024,8716530970,Paid Ads,Mobile,19,0,0
02/11/2024,4223795820,Direct,Desktop,2,0,0
02/05/2024,6076922471,Direct,Desktop,16,0,0
02/06/2024,5636868512,Paid Ads,Mobile,96,1,0
02/11/2024,2048605778,Direct,Desktop,15,0,0
02/08/2024,8129617570,Organic Search,Desktop,15,0,0
02/05/2024,6422331835,Direct,Mobile,23,0,0
02/07/2024,3207421837,Organic Search,Mobile,17,0,0
02/08/2024,6440744607,Organic Search,Desktop,26,0,0
02/07/2024,4209618566,Organic Search,Desktop,7,0,0
02/11/2024,4054409324,Organic Search,Mobile,16,0,0
02/07/2024,8575705980,Paid Ads,Desktop,15,0,0
02/05/2024,7539073999,Paid Ads,Mobile,96,1,0
02/08/2024,8672236049,Paid Ads,Mobile,6,0,0
02/10/2024,9623292066,Organic Search,Mobile,76,1,0
02/09/2024,9531898413,Paid Ads,Desktop,102,1,0
02/05/2024,6993275810,Organic Search,Desktop,22,0,0
02/05/2024,7087650661,Direct,Mobile,33,0,0
02/10/2024,8203282774,Paid Ads,Mobile,92,1,1
02/08/2024,9885977596,Organic Search,Mobile,86,1,0
02/08/2024,8560552146,Organic Search,Desktop,14,0,0
02/11/2024,5326715272,Direct,Desktop,19,0,0
02/07/2024,6835406115,Paid Ads,Desktop,15,0,0
02/11/2024,1785397156,Organic Search,Desktop,9,0,0
02/10/2024,4340271181,Direct,Desktop,91,1,1
02/11/2024,9520812940,Direct,Mobile,72,1,0
02/10/2024,1448460600,Organic Search,Mobile,1,0,0
02/08/2024,2704197176,Organic Search,Mobile,9,0,0
02/07/2024,3225994458,Organic Search,Desktop,94,1,1
02/11/2024,7204628547,Direct,Desktop,3,0,0
02/05/2024,1535210430,Organic Search,Mobile,79,1,1
02/06/2024,7211254735,Paid Ads,Desktop,76,1,0
02/09/2024,2954534956,Direct,Mobile,28,0,0
02/05/2024,6591188646,Organic Search,Mobile,14,0,0
02/08/2024,7993954643,Organic Search,Desktop,74,1,0
02/09/2024,3145543751,Paid Ads,Desktop,101,1,0
02/06/2024,8760033394,Organic Search,Desktop,12,0,0
02/06/2024,4720230693,Paid Ads,Mobile,22,0,0
02/07/2024,6433620047,Organic Search,Mobile,6,0,0
02/09/2024,6241266262,Paid Ads,Desktop,8,0,0
02/07/2024,7807674214,Organic Search,Mobile,15,0,0
02/05/2024,2147375055,Direct,Mobile,23,0,0
02/10/2024,4188148884,Paid Ads,Desktop,19,0,0
02/10/2024,9157914670,Direct,Mobile,83,1,0
02/10/2024,6955815877,Organic Search,Desktop,16,0,0
02/09/2024,7472514096,Direct,Desktop,15,0,0
02/10/2024,4685970101,Direct,Mobile,105,1,1
02/05/2024,5287235942,Organic Search,Mobile,18,0,0
02/07/2024,2751899687,Organic Search,Desktop,16,0,0
02/09/2024,9984116388,Direct,Desktop,6,0,0
02/07/2024,3208588222,Organic Search,Desktop,15,0,0
02/09/2024,7821978708,Paid Ads,Desktop,6,0,0
02/07/2024,4686501129,Organic Search,Desktop,84,1,1
02/06/2024,5066819487,Direct,Desktop,15,0,0
02/07/2024,9295639124,Direct,Mobile,11,0,0
02/10/2024,9220036080,Direct,Mobile,35,0,0
02/06/2024,8137422725,Organic Search,Mobile,72,1,0
02/07/2024,4219273684,Direct,Mobile,14,0,0
02/09/2024,6613226239,Paid Ads,Mobile,3,0,0
02/09/2024,1051187343,Organic Search,Mobile,78,1,0
02/09/2024,4733839682,Paid Ads,Desktop,13,0,0
02/08/2024,7446918746,Paid Ads,Mobile,102,1,0
02/05/2024,9322192600,Paid Ads,Mobile,19,0,0
02/09/2024,2092034760,Paid Ads,Mobile,28,0,0
02/06/2024,7896659757,Organic Search,Mobile,88,1,0
02/09/2024,8529588105,Paid Ads,Mobile,84,1,0
02/08/2024,7017884709,Organic Search,Mobile,91,1,0
02/10/2024,6166215327,Paid Ads,Mobile,10,0,0
02/06/2024,3325134840,Paid Ads,Desktop,2,0,0
02/08/2024,7187927068,Paid Ads,Desktop,95,1,0
02/10/2024,6608426305,Paid Ads,Desktop,101,1,0
02/11/2024,3661796762,Organic Search,Desktop,21,0,0
02/11/2024,7497578410,Organic Search,Mobile,104,1,0
02/06/2024,2384374586,Organic Search,Desktop,3,0,1
02/07/2024,5599014202,Organic Search,Desktop,11,0,0
02/05/2024,3135583123,Paid Ads,Mobile,86,1,0
02/05/2024,2855380218,Direct,Desktop,12,0,0
02/15/2024,6196558441,Organic Search,Mobile,14,0,0
02/17/2024,7963114944,Organic Search,Desktop,20,0,0
02/12/2024,1062908951,Paid Ads,Desktop,9,0,0
02/17/2024,9139291854,Paid Ads,Mobile,76,1,0
02/17/2024,5304946251,Paid Ads,Desktop,85,1,0
02/15/2024,5533102770,Paid Ads,Desktop,12,0,0
02/15/2024,5068622511,Organic Search,Desktop,14,0,0
02/15/2024,8232618100,Organic Search,Mobile,16,0,0
02/12/2024,6736712227,Organic Search,Desktop,15,0,0
02/18/2024,3210981456,Direct,Mobile,92,1,0
02/15/2024,1460516677,Direct,Mobile,80,1,0
02/12/2024,3340681059,Organic Search,Mobile,80,1,0
02/15/2024,5830184911,Direct,Desktop,18,0,0
02/16/2024,6280204865,Paid Ads,Desktop,93,1,0
02/17/2024,9665826863,Paid Ads,Desktop,21,0,1
02/15/2024,2851061008,Paid Ads,Desktop,18,0,0
02/13/2024,6762767408,Organic Search,Mobile,18,0,0
02/17/2024,7300793741,Direct,Mobile,2,0,0
02/17/2024,9926237707,Paid Ads,Mobile,15,0,0
02/15/2024,7224586784,Direct,Mobile,18,0,0
02/18/2024,5092392516,Paid Ads,Mobile,20,0,0
02/14/2024,3680546736,Direct,Mobile,89,1,0
02/18/2024,2165786685,Paid Ads,Mobile,90,1,0
02/15/2024,1698195058,Paid Ads,Mobile,9,0,0
02/17/2024,3922985806,Organic Search,Mobile,82,1,0
02/13/2024,7260962033,Paid Ads,Mobile,87,1,0
02/17/2024,9503191427,Paid Ads,Desktop,9,0,0
02/18/2024,3489348970,Paid Ads,Desktop,10,0,0
02/13/2024,5325216367,Direct,Desktop,19,0,0
02/12/2024,5624802253,Organic Search,Mobile,80,1,0
02/16/2024,1360616456,Paid Ads,Mobile,98,1,0
02/17/2024,1265267434,Organic Search,Desktop,23,0,0
02/15/2024,6210671217,Organic Search,Mobile,100,1,0
02/12/2024,5692374409,Paid Ads,Mobile,11,0,0
02/16/2024,7094254595,Organic Search,Mobile,22,0,0
02/15/2024,4044978354,Paid Ads,Mobile,15,0,0
02/14/2024,9823357910,Paid Ads,Mobile,14,0,0
02/15/2024,1616849141,Organic Search,Mobile,13,0,0
02/13/2024,6341686112,Paid Ads,Desktop,20,0,1
02/13/2024,7370014789,Organic Search,Mobile,71,1,0
02/14/2024,4233455265,Organic Search,Mobile,17,0,0
02/12/2024,7795658101,Paid Ads,Desktop,33,0,0
02/16/2024,8021969721,Organic Search,Mobile,8,0,0
02/15/2024,2480774854,Paid Ads,Mobile,80,1,1
02/13/2024,8789390539,Direct,Desktop,19,0,0
02/12/2024,6363542539,Organic Search,Mobile,10,0,0
02/14/2024,3691958884,Direct,Mobile,8,0,0
02/18/2024,6485293237,Organic Search,Mobile,14,0,0
02/17/2024,5119235438,Paid Ads,Mobile,16,0,1
02/18/2024,3853315858,Organic Search,Mobile,75,1,0
02/18/2024,9671965056,Direct,Desktop,83,1,1
02/13/2024,7550486099,Organic Search,Mobile,38,0,1
02/14/2024,1624992033,Direct,Mobile,13,0,0
02/15/2024,2890560105,Direct,Mobile,89,1,0
02/18/2024,7861779077,Paid Ads,Mobile,5,0,0
02/18/2024,1125283739,Paid Ads,Desktop,17,0,0
02/16/2024,9817170273,Organic Search,Mobile,1,0,0
02/13/2024,9210808602,Organic Search,Mobile,14,0,1
02/13/2024,1561234673,Direct,Mobile,15,0,0
02/15/2024,4732150918,Direct,Mobile,21,0,0
02/17/2024,5298178666,Paid Ads,Mobile,75,1,0
02/12/2024,2075203258,Paid Ads,Desktop,22,0,1
02/16/2024,7284393718,Direct,Mobile,80,1,1
02/13/2024,9154715699,Paid Ads,Mobile,10,0,0
02/16/2024,2970123476,Direct,Mobile,13,0,0
02/13/2024,2298779831,Organic Search,Desktop,8,0,0
02/16/2024,8959124889,Organic Search,Mobile,79,1,1
02/14/2024,5832826147,Paid Ads,Desktop,5,0,0
02/18/2024,9711176170,Organic Search,Desktop,17,0,0
02/13/2024,4070465427,Organic Search,Desktop,4,0,0
02/16/2024,7354941380,Organic Search,Mobile,92,1,0
02/12/2024,9610844252,Paid Ads,Mobile,11,0,0
02/14/2024,3186816809,Organic Search,Desktop,7,0,0
02/14/2024,2747615440,Direct,Desktop,19,0,0
02/12/2024,5473465487,Paid Ads,Desktop,29,0,0
02/16/2024,5740083633,Paid Ads,Mobile,4,0,0
02/15/2024,8980645919,Paid Ads,Mobile,1,0,0
02/12/2024,8481929471,Organic Search,Mobile,90,1,0
02/16/2024,1522290613,Organic Search,Desktop,82,1,0
02/12/2024,3678958885,Organic Search,Mobile,91,1,1
02/12/2024,4625750811,Paid Ads,Mobile,84,1,0
02/13/2024,7529346550,Paid Ads,Desktop,14,0,0
02/16/2024,9453392599,Organic Search,Mobile,15,0,0
02/15/2024,5041032788,Organic Search,Desktop,16,0,0
02/18/2024,2174854055,Direct,Mobile,87,1,0
02/13/2024,5221352051,Paid Ads,Mobile,11,0,0
02/12/2024,1061731355,Organic Search,Mobile,106,1,0
02/18/2024,2467481146,Organic Search,Desktop,13,0,0
02/17/2024,4879174484,Organic Search,Mobile,17,0,1
02/18/2024,8161135764,Organic Search,Mobile,23,0,0
02/12/2024,8582951033,Organic Search,Desktop,1,0,0
02/12/2024,4518584130,Direct,Mobile,12,0,0
02/16/2024,1914979730,Paid Ads,Mobile,103,1,0
02/16/2024,3512259042,Paid Ads,Mobile,77,1,0
02/13/2024,1134615737,Organic Search,Mobile,98,1,0
02/15/2024,9016346273,Organic Search,Desktop,16,0,0
02/13/2024,6414558579,Paid Ads,Mobile,7,0,0
02/14/2024,9235792639,Paid Ads,Mobile,28,0,1
02/12/2024,5363344343,Paid Ads,Mobile,9,0,0
02/18/2024,8287506447,Direct,Desktop,14,0,0
02/17/2024,4277704521,Paid Ads,Mobile,19,0,0
02/12/2024,5486132165,Paid Ads,Mobile,10,0,0
02/12/2024,7791722062,Paid Ads,Mobile,98,1,0
02/13/2024,1823222036,Paid Ads,Mobile,1,0,0
02/17/2024,2552575466,Paid Ads,Mobile,11,0,0
02/17/2024,7568153692,Organic Search,Mobile,23,0,0
02/17/2024,5533050145,Paid Ads,Desktop,12,0,0
02/13/2024,5013819807,Direct,Mobile,8,0,0
02/12/2024,4941803538,Paid Ads,Desktop,22,0,0
02/13/2024,8615697239,Organic Search,Desktop,12,0,0
02/16/2024,6027422652,Direct,Mobile,78,1,0
02/16/2024,6542062095,Organic Search,Mobile,98,1,0
02/13/2024,6706981290,Organic Search,Mobile,10,0,0
02/17/2024,3136816774,Paid Ads,Desktop,16,0,0
02/12/2024,2020312486,Paid Ads,Mobile,105,1,1
02/13/2024,4104267831,Organic Search,Mobile,21,0,0
02/13/2024,9233782061,Direct,Mobile,78,1,0
02/13/2024,8809541241,Organic Search,Desktop,34,0,1
02/14/2024,6083369159,Organic Search,Desktop,21,0,0
02/16/2024,7137011743,Organic Search,Mobile,24,0,0
02/18/2024,3229976973,Organic Search,Desktop,10,0,0
02/17/2024,8450734426,Paid Ads,Mobile,80,1,1
02/15/2024,5841394030,Organic Search,Mobile,6,0,0
02/18/2024,7414721161,Direct,Desktop,15,0,0
02/17/2024,1472763227,Paid Ads,Mobile,15,0,0
02/15/2024,6132471915,Organic Search,Mobile,100,1,0
02/14/2024,7960238676,Paid Ads,Mobile,6,0,0
02/13/2024,7583528306,Organic Search,Desktop,13,0,0
02/14/2024,4249310994,Paid Ads,Desktop,18,0,0
02/14/2024,5412952462,Organic Search,Desktop,17,0,0
02/18/2024,4112936359,Direct,Desktop,19,0,0
02/12/2024,4202449290,Paid Ads,Mobile,17,0,0
02/18/2024,8429964950,Organic Search,Mobile,10,0,0
02/16/2024,7227978183,Direct,Mobile,10,0,0
02/15/2024,3789765781,Direct,Mobile,5,0,0
02/13/2024,2975606216,Paid Ads,Mobile,92,1,0
02/18/2024,5337961677,Paid Ads,Desktop,29,0,0
02/15/2024,8400473998,Paid Ads,Mobile,95,1,0
02/17/2024,1067413408,Direct,Mobile,93,1,1
02/15/2024,9975717720,Direct,Mobile,15,0,0
02/17/2024,5692323159,Organic Search,Mobile,93,1,1
02/18/2024,9589287080,Direct,Desktop,76,1,0
02/16/2024,5901604375,Organic Search,Mobile,13,0,0
02/18/2024,5101965163,Organic Search,Mobile,7,0,0
02/17/2024,6423125225,Paid Ads,Desktop,38,0,0
02/15/2024,6650259150,Direct,Mobile,6,0,0
02/15/2024,9112130165,Paid Ads,Mobile,11,0,0
02/17/2024,1450266080,Direct,Mobile,100,1,1
02/14/2024,7529186120,Direct,Mobile,101,1,1
02/16/2024,4352534309,Organic Search,Desktop,87,1,0
02/12/2024,6923977063,Paid Ads,Desktop,18,0,0
02/13/2024,9400540134,Paid Ads,Mobile,19,0,0
02/15/2024,9470016249,Paid Ads,Desktop,22,0,0
02/13/2024,6244462370,Paid Ads,Mobile,29,0,0
02/12/2024,7443698697,Paid Ads,Mobile,19,0,0
02/18/2024,5340286233,Direct,Mobile,6,0,0
02/13/2024,3890991226,Organic Search,Mobile,89,1,0
02/12/2024,7326446419,Paid Ads,Mobile,12,0,0
02/17/2024,2984443858,Paid Ads,Desktop,17,0,0
02/14/2024,9003915526,Organic Search,Desktop,31,0,0
02/15/2024,8176310017,Organic Search,Mobile,3,0,0
02/12/2024,7239532380,Organic Search,Mobile,24,0,1
02/13/2024,9425062635,Direct,Mobile,74,1,0
02/15/2024,9858130688,Organic Search,Mobile,16,0,1
02/14/2024,1440218385,Direct,Mobile,21,0,0
02/17/2024,1365689130,Direct,Mobile,95,1,0
02/18/2024,5263294261,Paid Ads,Desktop,14,0,0
02/15/2024,5371047701,Direct,Mobile,8,0,0
02/18/2024,7724215944,Paid Ads,Mobile,95,1,1
02/12/2024,9647975259,Direct,Mobile,21,0,0
02/14/2024,2469679392,Paid Ads,Mobile,20,0,0
02/13/2024,2351042745,Direct,Mobile,89,1,0
02/14/2024,8237046021,Direct,Desktop,22,0,0
02/14/2024,1329524499,Direct,Mobile,14,0,0
02/16/2024,7194783624,Direct,Desktop,10,0,0
02/14/2024,2354703080,Paid Ads,Mobile,2,0,0
02/14/2024,5204427481,Paid Ads,Mobile,21,0,0
02/15/2024,5700401358,Organic Search,Mobile,18,0,0
02/13/2024,3886302900,Paid Ads,Desktop,7,0,0
02/15/2024,2152126522,Organic Search,Mobile,10,0,0
02/15/2024,7213888573,Paid Ads,Desktop,11,0,0
02/12/2024,2336571212,Direct,Mobile,3,0,0
02/15/2024,3703354270,Organic Search,Desktop,8,0,0
02/16/2024,9848098848,Direct,Mobile,5,0,0
02/16/2024,4084223478,Paid Ads,Desktop,11,0,0
02/18/2024,1745913996,Direct,Mobile,101,1,0
02/12/2024,7478337503,Direct,Desktop,9,0,0
02/18/2024,4578530935,Organic Search,Mobile,1,0,0
02/18/2024,8081263495,Organic Search,Mobile,86,1,0
02/17/2024,5898441553,Direct,Mobile,31,0,0
02/13/2024,8941582491,Paid Ads,Desktop,25,0,0
02/13/2024,3356991551,Organic Search,Mobile,8,0,0
02/15/2024,3836120784,Paid Ads,Desktop,17,0,0
02/15/2024,2285262172,Paid Ads,Mobile,95,1,0
02/17/2024,6189513118,Paid Ads,Mobile,18,0,0
02/15/2024,2335764903,Paid Ads,Mobile,24,0,0
02/13/2024,4157879911,Paid Ads,Desktop,8,0,0
02/18/2024,9106500332,Paid Ads,Desktop,23,0,0
02/14/2024,5736941305,Direct,Desktop,10,0,0
02/16/2024,6958176400,Organic Search,Mobile,79,1,0
02/14/2024,8450745246,Direct,Desktop,89,1,0
02/14/2024,5099214650,Organic Search,Desktop,4,0,0
02/13/2024,9587649186,Paid Ads,Mobile,20,0,0
02/14/2024,5507969778,Organic Search,Desktop,25,0,0
02/17/2024,1141118454,Organic Search,Desktop,35,0,0
02/12/2024,7874553144,Paid Ads,Desktop,88,1,0
02/15/2024,4097635517,Organic Search,Desktop,5,0,0
02/12/2024,9512183409,Paid Ads,Mobile,20,0,0
02/18/2024,7385547107,Organic Search,Mobile,92,1,0
02/16/2024,7223765771,Organic Search,Desktop,11,0,0
02/15/2024,8086490287,Paid Ads,Mobile,21,0,0
02/14/2024,3671509137,Paid Ads,Desktop,3,0,1
02/16/2024,4124859432,Direct,Desktop,4,0,0
02/15/2024,5777661200,Organic Search,Desktop,8,0,0
02/17/2024,2189511025,Paid Ads,Desktop,15,0,0
02/17/2024,6318069046,Direct,Mobile,86,1,0
02/17/2024,4828164211,Paid Ads,Mobile,9,0,0
02/17/2024,5135873117,Organic Search,Mobile,20,0,0
02/14/2024,5223615943,Direct,Mobile,23,0,0
02/12/2024,9744406344,Paid Ads,Mobile,19,0,0
02/15/2024,9259946725,Paid Ads,Mobile,27,0,0
02/14/2024,4209354783,Paid Ads,Desktop,18,0,0
02/17/2024,9417207292,Paid Ads,Desktop,5,0,0
02/18/2024,4134340501,Paid Ads,Mobile,25,0,0
02/12/2024,6838856071,Organic Search,Mobile,10,0,1
02/18/2024,6293993257,Paid Ads,Desktop,22,0,0
02/16/2024,1946773530,Organic Search,Mobile,27,0,0
02/18/2024,1263469931,Direct,Mobile,88,1,0
02/16/2024,3400685880,Direct,Mobile,18,0,0
02/16/2024,3990853857,Organic Search,Mobile,98,1,0
02/17/2024,2362745792,Paid Ads,Mobile,85,1,0
02/16/2024,5406190057,Organic Search,Desktop,3,0,0
02/13/2024,9596811629,Organic Search,Mobile,73,1,1
02/15/2024,4785628569,Organic Search,Mobile,7,0,0
02/15/2024,7905718268,Paid Ads,Mobile,25,0,0
02/17/2024,1815755011,Direct,Mobile,13,0,0
02/13/2024,2465225206,Organic Search,Desktop,107,1,0
02/18/2024,6022630968,Paid Ads,Desktop,15,0,0
02/14/2024,3843748626,Paid Ads,Desktop,103,1,0
02/18/2024,7174643862,Organic Search,Mobile,77,1,0
02/14/2024,2232598917,Direct,Desktop,21,0,0
02/16/2024,6971403747,Organic Search,Desktop,20,0,0
02/12/2024,4873672106,Direct,Desktop,17,0,0
02/14/2024,3365197653,Paid Ads,Mobile,13,0,0
02/12/2024,3038911714,Organic Search,Mobile,12,0,0
02/15/2024,9158722404,Organic Search,Mobile,21,0,1
02/12/2024,7895331576,Paid Ads,Desktop,19,0,1
02/15/2024,8184732481,Paid Ads,Mobile,12,0,0
02/13/2024,8141610344,Direct,Mobile,23,0,0
02/13/2024,6157728199,Paid Ads,Desktop,13,0,0
02/24/2024,8642821347,Organic Search,Desktop,96,1,0
02/24/2024,8487392753,Paid Ads,Desktop,8,0,0
02/23/2024,9366009769,Paid Ads,Mobile,8,0,0
02/21/2024,2748381450,Paid Ads,Desktop,7,0,0
02/23/2024,9978613304,Direct,Mobile,12,0,0
02/22/2024,7145846258,Direct,Mobile,84,1,0
02/23/2024,7533391403,Direct,Mobile,92,1,0
02/19/2024,5576627294,Organic Search,Mobile,24,0,0
02/22/2024,6836863863,Paid Ads,Mobile,92,1,0
02/24/2024,6961665749,Organic Search,Desktop,8,0,0
02/20/2024,8699555969,Organic Search,Mobile,16,0,0
02/24/2024,3776117016,Direct,Desktop,9,0,0
02/21/2024,1178859722,Paid Ads,Mobile,12,0,0
02/22/2024,5481512130,Organic Search,Mobile,2,0,0
02/22/2024,4231300171,Paid Ads,Mobile,13,0,0
02/19/2024,3274497361,Paid Ads,Mobile,13,0,0
02/21/2024,7078501580,Organic Search,Mobile,19,0,0
02/20/2024,6937725546,Organic Search,Mobile,16,0,0
02/25/2024,5401738104,Paid Ads,Mobile,5,0,0
02/22/2024,2745501718,Paid Ads,Mobile,23,0,0
02/22/2024,4429463680,Organic Search,Mobile,16,0,0
02/19/2024,2050293202,Direct,Desktop,16,0,0
02/23/2024,6232443538,Direct,Mobile,14,0,0
02/20/2024,1661267078,Direct,Desktop,10,0,0
02/24/2024,3539619087,Direct,Desktop,16,0,0
02/21/2024,4817603558,Paid Ads,Desktop,18,0,0
02/22/2024,3469908672,Organic Search,Desktop,1,0,0
02/22/2024,5369218887,Organic Search,Mobile,10,0,0
02/24/2024,4684068930,Paid Ads,Desktop,12,0,0
02/20/2024,5342269290,Direct,Desktop,17,0,0
02/23/2024,1763987917,Paid Ads,Mobile,24,0,0
02/22/2024,5908485807,Direct,Mobile,8,0,0
02/20/2024,4665606630,Organic Search,Mobile,11,0,1
02/24/2024,4789044777,Organic Search,Desktop,87,1,1
02/19/2024,4113555780,Organic Search,Desktop,10,0,0
02/23/2024,7521129279,Direct,Mobile,8,0,0
02/21/2024,1754109402,Organic Search,Mobile,82,1,1
02/22/2024,3569195745,Organic Search,Mobile,83,1,0
02/20/2024,3336590909,Paid Ads,Mobile,12,0,0
02/19/2024,7528845988,Organic Search,Desktop,21,0,0
02/21/2024,5509134032,Paid Ads,Mobile,80,1,0
02/25/2024,5359488612,Organic Search,Mobile,81,1,0
02/20/2024,7821025290,Organic Search,Mobile,89,1,0
02/20/2024,7125148928,Organic Search,Desktop,6,0,0
02/21/2024,2718114196,Paid Ads,Mobile,82,1,0
02/19/2024,5042486306,Paid Ads,Desktop,96,1,0
02/25/2024,2430037770,Organic Search,Mobile,104,1,1
02/24/2024,1457634124,Paid Ads,Mobile,18,0,0
02/19/2024,2093763611,Paid Ads,Mobile,1,0,0
02/23/2024,3490245006,Paid Ads,Mobile,10,0,0
02/22/2024,8835171335,Direct,Mobile,12,0,0
02/21/2024,1428481222,Organic Search,Desktop,28,0,0
02/24/2024,3862706634,Paid Ads,Desktop,12,0,0
02/25/2024,1234995585,Paid Ads,Desktop,1,0,0
02/21/2024,3566729090,Paid Ads,Mobile,84,1,0
02/21/2024,9298431266,Direct,Desktop,92,1,0
02/19/2024,6300430578,Organic Search,Mobile,1,0,0
02/22/2024,7518040096,Paid Ads,Mobile,15,0,0
02/23/2024,2245217351,Paid Ads,Mobile,94,1,0
02/20/2024,2388108716,Paid Ads,Mobile,19,0,0
02/20/2024,6971241106,Organic Search,Desktop,18,0,0
02/21/2024,3539836241,Direct,Mobile,16,0,0
02/22/2024,8495755106,Paid Ads,Mobile,24,0,0
02/25/2024,2421599598,Paid Ads,Desktop,10,0,0
02/25/2024,2723366726,Paid Ads,Mobile,22,0,0
02/24/2024,7150043246,Direct,Mobile,1,0,0
02/19/2024,3587464882,Paid Ads,Mobile,94,1,0
02/22/2024,9555895961,Direct,Desktop,7,0,0
02/22/2024,9043744601,Organic Search,Desktop,1,0,0
02/19/2024,1861708259,Paid Ads,Mobile,12,0,0
02/25/2024,6610940097,Paid Ads,Mobile,90,1,0
02/25/2024,2444432288,Paid Ads,Mobile,14,0,0
02/25/2024,3054212720,Organic Search,Desktop,15,0,0
02/21/2024,1042002112,Direct,Mobile,15,0,0
02/22/2024,5315945903,Organic Search,Mobile,7,0,0
02/20/2024,4616291729,Organic Search,Mobile,13,0,0
02/19/2024,3193366697,Paid Ads,Mobile,97,1,0
02/25/2024,7371164081,Direct,Mobile,94,1,0
02/24/2024,5790619240,Direct,Desktop,3,0,0
02/25/2024,7363376920,Paid Ads,Mobile,77,1,0
02/25/2024,4440973454,Direct,Mobile,98,1,0
02/23/2024,1299319243,Organic Search,Desktop,25,0,0
02/21/2024,4652919731,Organic Search,Desktop,12,0,0
02/19/2024,2641696771,Organic Search,Mobile,11,0,1
02/23/2024,8104209001,Direct,Mobile,27,0,0
02/23/2024,9819538007,Organic Search,Mobile,98,1,0
02/24/2024,7740240923,Paid Ads,Desktop,5,0,0
02/22/2024,8547069822,Paid Ads,Mobile,5,0,0
02/24/2024,7841808584,Direct,Desktop,82,1,0
02/22/2024,1020239727,Paid Ads,Desktop,90,1,1
02/22/2024,5926391741,Paid Ads,Mobile,6,0,0
02/19/2024,6338409680,Organic Search,Mobile,14,0,0
02/25/2024,5161685278,Organic Search,Mobile,18,0,0
02/19/2024,9172589661,Organic Search,Mobile,96,1,0
02/21/2024,7074488271,Direct,Mobile,20,0,0
02/22/2024,8055033262,Paid Ads,Desktop,35,0,0
02/23/2024,2518593588,Paid Ads,Desktop,1,0,0
02/25/2024,3887432019,Paid Ads,Mobile,19,0,0
02/20/2024,6693847625,Direct,Desktop,10,0,0
02/21/2024,9762941500,Organic Search,Mobile,10,0,0
02/19/2024,8275144323,Paid Ads,Mobile,87,1,0
02/24/2024,9144467236,Direct,Mobile,10,0,0
02/21/2024,2956897105,Direct,Desktop,7,0,0
02/21/2024,2583566980,Direct,Desktop,28,0,0
02/25/2024,2486524686,Direct,Desktop,21,0,0
02/21/2024,9656499017,Paid Ads,Mobile,100,1,0
02/21/2024,8340645399,Direct,Mobile,113,1,0
02/20/2024,1156446095,Organic Search,Mobile,15,0,0
02/24/2024,8473319523,Direct,Mobile,25,0,0
02/24/2024,4008430732,Organic Search,Desktop,82,1,0
02/24/2024,7944467139,Direct,Desktop,2,0,0
02/22/2024,6409080675,Organic Search,Desktop,4,0,0
02/23/2024,9576223837,Paid Ads,Mobile,1,0,0
02/24/2024,3172277771,Organic Search,Mobile,76,1,0
02/21/2024,5631379454,Direct,Mobile,9,0,0
02/21/2024,4415735309,Direct,Mobile,93,1,0
02/24/2024,2922298298,Paid Ads,Mobile,97,1,0
02/25/2024,7285905502,Paid Ads,Desktop,87,1,1
02/24/2024,2954743682,Paid Ads,Desktop,16,0,0
02/21/2024,2735064922,Organic Search,Mobile,15,0,0
02/22/2024,6513644975,Direct,Mobile,16,0,0
02/19/2024,6335609217,Paid Ads,Mobile,3,0,0
02/19/2024,8755028572,Organic Search,Mobile,21,0,0
02/24/2024,3452826457,Direct,Desktop,16,0,0
02/20/2024,9753040138,Organic Search,Mobile,20,0,0
02/24/2024,1185415007,Organic Search,Mobile,1,0,0
02/25/2024,8104863663,Organic Search,Mobile,104,1,0
02/24/2024,5156411462,Organic Search,Desktop,17,0,0
02/19/2024,6116210230,Paid Ads,Mobile,5,0,0
02/21/2024,7562913802,Organic Search,Mobile,11,0,0
02/24/2024,8251628330,Organic Search,Mobile,76,1,1
02/21/2024,8305787772,Direct,Desktop,19,0,0
02/21/2024,5649015514,Organic Search,Desktop,15,0,0
02/20/2024,3056008249,Direct,Mobile,8,0,1
02/21/2024,7674921032,Paid Ads,Desktop,15,0,0
02/19/2024,9236710634,Organic Search,Desktop,2,0,1
02/22/2024,5226758430,Paid Ads,Desktop,24,0,0
02/22/2024,3025777941,Paid Ads,Desktop,13,0,0
02/23/2024,1331332564,Organic Search,Desktop,96,1,0
02/25/2024,2027608988,Direct,Mobile,23,0,0
02/24/2024,7479075986,Paid Ads,Desktop,10,0,0
02/25/2024,5596050854,Organic Search,Mobile,83,1,0
02/19/2024,3624325600,Direct,Desktop,10,0,0
02/21/2024,4512641835,Paid Ads,Mobile,107,1,0
02/22/2024,6689566109,Organic Search,Desktop,8,0,0
02/25/2024,2352077434,Organic Search,Desktop,22,0,0
02/19/2024,7347959704,Organic Search,Mobile,9,0,0
02/22/2024,2094218438,Paid Ads,Desktop,20,0,0
02/21/2024,4253116050,Paid Ads,Mobile,109,1,0
02/25/2024,4477937391,Direct,Desktop,11,0,0
02/22/2024,8448804691,Organic Search,Mobile,1,0,0
02/24/2024,5650325606,Paid Ads,Mobile,10,0,0
02/24/2024,2259922771,Direct,Desktop,5,0,1
02/23/2024,9347497190,Paid Ads,Mobile,15,0,0
02/23/2024,8652065960,Organic Search,Desktop,5,0,0
02/22/2024,5180696655,Paid Ads,Mobile,22,0,0
02/19/2024,5157398618,Direct,Mobile,14,0,0
02/24/2024,3346729194,Paid Ads,Mobile,13,0,0
02/19/2024,7706953770,Paid Ads,Mobile,20,0,0
02/19/2024,4812248763,Paid Ads,Mobile,22,0,0
02/22/2024,8281733400,Paid Ads,Mobile,82,1,1
02/19/2024,6021353024,Direct,Mobile,14,0,0
02/24/2024,4578608363,Direct,Mobile,8,0,0
02/21/2024,7994022795,Paid Ads,Desktop,84,1,0
02/23/2024,6386022224,Organic Search,Desktop,98,1,0
02/21/2024,8803957633,Organic Search,Mobile,1,0,0
02/19/2024,2403479766,Direct,Desktop,9,0,0
02/21/2024,9798509915,Organic Search,Mobile,10,0,0
02/24/2024,7208971391,Paid Ads,Desktop,15,0,0
02/24/2024,5928271424,Organic Search,Desktop,12,0,0
02/19/2024,8129086801,Organic Search,Desktop,20,0,0
02/22/2024,5263174721,Paid Ads,Mobile,10,0,0
02/21/2024,5744061388,Organic Search,Desktop,14,0,0
02/22/2024,8974089272,Paid Ads,Mobile,24,0,0
02/22/2024,2464670476,Direct,Desktop,17,0,0
02/20/2024,1275963328,Paid Ads,Mobile,14,0,1
02/19/2024,9142368386,Organic Search,Desktop,10,0,0
02/23/2024,5149907890,Organic Search,Desktop,9,0,0
02/24/2024,3877498928,Organic Search,Desktop,8,0,0
02/24/2024,5945472805,Paid Ads,Mobile,10,0,0
02/19/2024,9613121172,Organic Search,Desktop,21,0,1
02/25/2024,5177399488,Organic Search,Mobile,13,0,0
02/25/2024,5810027745,Organic Search,Desktop,4,0,0
02/25/2024,6293839563,Organic Search,Mobile,29,0,0
02/23/2024,2729459675,Organic Search,Mobile,17,0,0
02/24/2024,8788523315,Direct,Mobile,86,1,0
02/19/2024,6310025247,Paid Ads,Mobile,3,0,0
02/24/2024,1809107450,Direct,Mobile,11,0,0
02/22/2024,1346640189,Organic Search,Mobile,89,1,0
02/21/2024,8660434512,Paid Ads,Mobile,15,0,0
02/21/2024,1550550859,Paid Ads,Desktop,28,0,1
02/24/2024,3661025254,Paid Ads,Desktop,6,0,1
02/20/2024,3773515053,Direct,Mobile,90,1,0
02/23/2024,5621356921,Organic Search,Mobile,22,0,0
02/25/2024,4078282906,Direct,Mobile,26,0,0
02/23/2024,6300844606,Organic Search,Mobile,70,1,0
02/23/2024,1835577153,Organic Search,Desktop,89,1,0
02/22/2024,5957025876,Paid Ads,Desktop,83,1,0
02/23/2024,3210488778,Paid Ads,Mobile,9,0,1
02/21/2024,7524755562,Organic Search,Mobile,12,0,0
02/22/2024,2129687376,Paid Ads,Mobile,6,0,1
02/19/2024,3155387446,Paid Ads,Desktop,13,0,0
02/23/2024,7953273585,Organic Search,Desktop,14,0,0
02/23/2024,2497236221,Organic Search,Mobile,85,1,0
02/19/2024,7825930222,Direct,Mobile,104,1,0
02/23/2024,8256942186,Direct,Desktop,20,0,1
02/19/2024,7983547729,Organic Search,Desktop,23,0,0
02/22/2024,3512890091,Organic Search,Mobile,9,0,0
02/21/2024,9895651384,Organic Search,Mobile,1,0,0
02/19/2024,7158030787,Direct,Mobile,14,0,0
02/20/2024,3954551348,Paid Ads,Mobile,77,1,0
02/19/2024,1828860017,Organic Search,Mobile,17,0,0
02/23/2024,1807521348,Direct,Mobile,16,0,0
02/25/2024,1637730419,Paid Ads,Mobile,12,0,0
02/25/2024,9826628682,Organic Search,Mobile,98,1,0
02/22/2024,2853966521,Organic Search,Desktop,15,0,0
02/24/2024,1023380568,Paid Ads,Mobile,27,0,0
02/22/2024,4916243933,Paid Ads,Mobile,18,0,0
02/24/2024,8531698162,Paid Ads,Mobile,12,0,1
02/25/2024,4266780392,Paid Ads,Mobile,10,0,0
02/25/2024,4833736473,Paid Ads,Desktop,13,0,0
02/19/2024,1403687965,Direct,Mobile,28,0,0
02/21/2024,2376480757,Paid Ads,Mobile,13,0,0
02/20/2024,7919018352,Organic Search,Desktop,14,0,0
02/22/2024,9166651947,Paid Ads,Mobile,87,1,0
02/23/2024,4583845772,Direct,Desktop,87,1,0
02/24/2024,2251618464,Paid Ads,Mobile,11,0,0
02/23/2024,6619832478,Organic Search,Mobile,23,0,0
02/21/2024,8296435040,Direct,Mobile,97,1,0
02/24/2024,5896973272,Direct,Mobile,30,0,0
02/22/2024,9624329293,Paid Ads,Desktop,18,0,0
02/19/2024,5527804980,Direct,Desktop,15,0,0
02/23/2024,4769748449,Organic Search,Mobile,15,0,0
02/21/2024,5113849464,Organic Search,Mobile,93,1,0
02/22/2024,1731257495,Paid Ads,Desktop,1,0,0
02/25/2024,6208622687,Paid Ads,Desktop,95,1,0
02/25/2024,9467598276,Organic Search,Mobile,20,0,0
02/22/2024,4403292454,Organic Search,Mobile,16,0,0
02/22/2024,8221816193,Organic Search,Mobile,18,0,1
02/22/2024,7706496672,Organic Search,Desktop,99,1,0
02/24/2024,3121066157,Direct,Mobile,86,1,0
02/22/2024,8661914952,Paid Ads,Mobile,9,0,0
02/23/2024,8685325692,Organic Search,Desktop,11,0,0
02/21/2024,2836123010,Paid Ads,Mobile,11,0,0
02/24/2024,2255913240,Direct,Mobile,23,0,0
02/22/2024,8609749779,Organic Search,Mobile,11,0,0
02/20/2024,8509348073,Direct,Mobile,83,1,0
02/20/2024,7266227217,Paid Ads,Mobile,31,0,0
02/21/2024,7888029268,Paid Ads,Mobile,79,1,0
02/25/2024,3901869176,Paid Ads,Mobile,81,1,1
